Field Name,pH,*EC (Salts),Phosphorus,Potassium,Calcium,Magnesium,Manganese,Sulphur,Copper,Boron,Zinc,Aluminium,*Sodium,Iron,*C.E.C,*Exchangeable Aluminium,*Exchangeable Acidity,*Phosphorus Sorption Index (PSI),*Organic Carbon,*Total Nitrogen,project
oaf81600001,5.69,30,1.19,86.8,1490,143,262,13.8,6.07,0.27,5.09,1400,39.5,132,13,0.02,0.28,215,3.36,0.17,ke_phase1_16
oaf81600030,5.2,56,2.16,74.3,1020,123,270,15.2,6.53,0.21,3.29,1450,36.3,160,12,0.23,0.39,207,3.12,0.15,ke_phase1_16
oaf81600055,5.15,61,2.51,74.7,943,117,258,16.2,7.21,0.23,3.78,1410,33.8,146,11.5,0.036,0.55,208,3.19,0.16,ke_phase1_16
oaf81600072,5.37,52,3.14,70,1240,118,306,16.7,7.14,0.2,2.99,1430,36.7,153,12.7,0.14,0.5,203,3.41,0.17,ke_phase1_16
oaf81600080,5.17,44,3.61,63.2,806,101,297,17.5,6.86,0.22,2.41,1460,28.5,144,9.72,0.57,0.61,209,2.18,0.15,ke_phase1_16
oaf91600004,5.05,34,13.7,43.9,317,29.3,199,19.4,3.1,0.032,1.38,1160,22.4,171,4.14,0.42,1.04,120,2.2,0.11,ke_phase1_16
oaf91600011,5.07,29,16.9,68.2,352,82.1,200,20.5,3.09,0.11,3.07,1420,20.7,194,5.44,0.42,0.83,160,2.61,0.16,ke_phase1_16
oaf91600014,5.15,20,8.62,44.3,390,48.3,164,18.5,2.82,0.086,3.64,1220,23.1,146,4.9,0.59,0.61,156,2.25,0.15,ke_phase1_16
oaf91600021,5.14,18,16.4,37.2,289,42.4,184,17.9,2.97,0.066,2.04,1090,33.7,191,3.92,0.24,0.5,106,1.52,0.13,ke_phase1_16
oaf91600022,5.12,18,34.1,89.1,440,106,192,17,3,0.1,4.69,1190,23.7,202,6.64,< 0.01,0.5,97.8,1.41,0.11,ke_phase1_16
oaf91600053,5.74,28,11.9,343,915,94,220,10.2,3.1,0.13,1.81,1030,25,164,8.9,0.02,0.055,107,2.48,0.15,ke_phase1_16
oaf91600058,4.95,37,22.3,68.6,491,53.7,149,39.5,3.84,0.093,1.81,1370,50.4,163,7.09,0.17,2.04,180,2.06,0.16,ke_phase1_16
oaf91600068,5.24,23,9.98,37.9,388,43.1,189,16.2,2.84,0.17,1.3,1130,19.7,163,4.49,< 0.01,0.28,122,1.97,0.12,ke_phase1_16
oaf91600073,4.94,63,13.2,46.4,377,48.8,205,17.3,2.95,0.081,3.74,1060,19.5,204,5.39,0.79,2.09,111,1.33,0.11,ke_phase1_16
oaf91600087,4.83,40,8.14,52.1,317,32.1,160,23.5,2.92,0.06,0.97,1430,20.3,137,4.73,1.53,2.25,208,1.73,0.17,ke_phase1_16
oaf91600091,5.02,39,11.5,40.2,443,53.2,158,19.7,2.98,0.071,1.05,1190,20.4,153,5.91,0.45,1.6,148,1.6,0.15,ke_phase1_16
oaf91600092,5.25,37,30.5,43.8,504,35.9,165,17.3,2.69,0.058,1.27,1200,21.2,159,5.44,0.02,0.28,121,1.48,0.14,ke_phase1_16
oaf91600093,5.5,45,10.9,54.7,428,41.4,165,22.6,2.77,0.094,1.24,1130,22.4,135,4.28,0.13,0.17,141,1.36,0.13,ke_phase1_16
oaf91600094,5.25,34,8.2,41.1,387,53,170,15.5,2.87,0.065,1.33,1140,23.9,144,4.65,0.2,0.28,139,1.67,0.14,ke_phase1_16
oaf91600101,5.3,75,8.17,109,688,96.2,254,12.3,3.24,0.13,2.19,1150,19.5,184,8.05,< 0.01,0.17,123,1.39,0.13,ke_phase1_16
oaf91600105,5.07,25,10.2,40,320,32.1,142,16,2.66,0.077,1.03,1230,15.3,134,4.09,0.48,0.72,166,2.34,0.14,ke_phase1_16
oaf91600113,4.83,65,18.9,51.7,442,38.6,149,19.8,2.5,0.1,1.03,1300,15.1,141,6.22,0.7,2.25,174,2.28,0.2,ke_phase1_16
oaf91600126,5.17,46,7.08,56.1,544,69.3,210,17.3,3.05,0.11,1.95,1130,17.8,186,6.63,0.078,0.61,110,1.78,0.15,ke_phase1_16
oaf91600130,5.41,39,9.92,62.3,758,74.5,187,16,3.24,0.14,1.4,1160,35,143,7.78,0.032,0.28,141,2.14,0.16,ke_phase1_16
oaf91600142,4.98,59,27.7,67,565,45.4,161,22.1,3.09,0.099,1.49,1330,32.7,137,7.46,0.33,1.87,171,1.84,0.17,ke_phase1_16
oaf91600148,5.61,36,17.4,56.5,922,91.2,231,17.3,3.88,0.16,3.11,1130,25,181,8.38,0.069,0.11,116,1.83,0.13,ke_phase1_16
oaf91600150,5.33,40,12.2,79.1,858,79.3,215,15.6,3.18,0.15,2.83,1060,23.1,170,9.03,0.081,0.11,102,1.92,0.13,ke_phase1_16
oaf91600152,5.7,24,27.5,248,777,66.6,220,14.8,3.12,0.1,2.05,1170,20.1,173,7.38,0.045,0.17,114,2.14,0.14,ke_phase1_16
oaf91600159,5.06,40,15,53.6,667,64,186,19,3.03,0.098,1.7,1240,23.5,155,8.3,0.021,0.83,137,1.72,0.14,ke_phase1_16
oaf91600177,5.53,26,8.11,57,758,71,166,17.1,2.8,0.16,1.27,1270,30.3,123,7.22,0.032,0.28,164,1.83,0.15,ke_phase1_16
oaf91600178,5.86,27,4.88,61.7,989,127,197,13.5,2.86,0.14,1.41,1180,25.4,143,8.35,0.011,0.17,156,1.78,0.17,ke_phase1_16
oaf91600183,5.29,15,7.26,44.1,578,58.6,159,18.3,2.92,0.092,1.08,1390,22.2,125,6.31,0.22,0.22,198,1.73,0.15,ke_phase1_16
oaf91600189,5.43,18,3.63,46.7,633,83.2,189,12.3,2.73,0.11,0.92,1280,18,131,6.61,0.14,0.28,176,1.86,0.15,ke_phase1_16
oaf91600192,5.56,11,10.2,45.4,668,71.8,201,13.6,2.91,0.1,1.61,1270,28.1,154,6.38,0.011,0.055,155,1.84,0.13,ke_phase1_16
oaf91600194,5.36,18,4.63,45.9,587,84.6,177,13.4,2.61,0.11,0.96,1250,21.4,133,6.51,0.18,0.39,163,1.84,0.15,ke_phase1_16
oaf91600196,5.56,14,6.59,60.5,651,78.3,191,14.4,2.93,0.1,2.64,1230,33.5,139,6.42,0.12,0.28,188,1.84,0.16,ke_phase1_16
oaf91600206,5.37,16,9.09,55.6,481,76.7,149,14.3,2.58,0.14,2.26,1340,21.6,129,5.52,0.18,0.39,181,2,0.14,ke_phase1_16
oaf91600209,5.78,12,7.62,48.2,468,100,156,15.8,2.87,0.11,2.12,1380,23.5,172,4.68,0.01,0.28,175,1.88,0.16,ke_phase1_16
oaf91600216,5.08,13,7.32,43.1,366,47,116,18.3,2.71,0.098,1.33,1450,20.5,177,4.83,0.69,0.83,202,1.48,0.15,ke_phase1_16
oaf91600220,5.17,15,5.08,76.9,359,53.5,144,19.3,3.04,0.1,4.23,1360,28.1,116,4.83,0.28,0.5,201,1.69,0.14,ke_phase1_16
oaf91600223,5.11,25,5.39,43,317,58.3,136,18.8,3.3,0.078,1.58,1350,20.3,124,4.44,0.34,0.83,193,1.94,0.15,ke_phase1_16
oaf91600227,5.12,20,9.28,40.1,401,63.1,133,17.5,2.96,0.11,1.61,1320,27.5,140,5.35,0.58,0.61,176,1.94,0.17,ke_phase1_16
oaf91600232,5.04,29,6.47,45.9,330,54.7,131,17.8,3.12,0.071,2.02,1330,21.5,120,4.74,0.25,1.16,185,1.78,0.15,ke_phase1_16
oaf91600234,5.82,30,28.9,71.7,734,80.5,193,11,4.61,0.12,8.51,862,33,254,6.32,0.022,0.17,70.7,1.51,0.11,ke_phase1_16
oaf91600251,6.62,32,111,217,1310,250,205,9.83,4.27,0.31,15.9,997,22.8,264,10.4,0.011,0.17,64.3,1.93,0.14,ke_phase1_16
oaf91600261,5.03,19,5.49,46.4,332,59.3,125,16.9,2.87,0.12,1.11,1500,18.1,146,4.84,1.07,1.16,222,1.64,0.16,ke_phase1_16
oaf91600263,5.66,31,13.9,80.7,778,92.8,264,14.3,3.62,0.14,4.08,1060,31.4,171,7.29,0.01,0.17,98.7,1.38,0.11,ke_phase1_16
oaf91600289,5.42,32,28,79.9,591,99.9,197,16.3,3.44,0.12,3.63,1110,34.1,181,6.78,0.011,0.28,112,1.75,0.14,ke_phase1_16
oaf91600294,5.15,26,10.5,58.2,418,55.4,217,17.6,3.14,0.079,2.08,1220,16.7,205,5.29,0.24,0.61,133,1.64,0.14,ke_phase1_16
oaf91600298,5.54,37,39.6,125,693,129,172,34.3,4.53,0.25,3.46,1200,37.1,199,7.74,0.13,0.17,117,1.77,0.13,ke_phase1_16
oaf91600301,5.36,70,25.7,85.3,603,76.7,146,32.7,3.59,0.07,2.24,1200,32.7,148,6.79,0.2,0.5,141,2.17,0.14,ke_phase1_16
oaf91600308,5.12,46,9,59,738,116,191,23.7,4.34,0.16,2.22,1240,21.4,223,9.53,0.11,0.61,139,1.94,0.16,ke_phase1_16
oaf91600327,5.25,41,16.3,73.7,630,73.6,176,19.6,3.37,0.12,2.07,1410,24.7,251,7.3,0.05,0.22,155,1.81,0.14,ke_phase1_16
oaf91600329,5.11,35,8.31,84.9,536,68,195,20.4,3.5,0.12,1.6,1320,34.2,147,7.07,0.67,0.94,178,2.01,0.14,ke_phase1_16
oaf91600337,5.07,41,17.5,77.6,526,79.2,171,23.4,3.48,0.11,2.39,1280,41.9,168,7.37,0.086,0.83,153,2.55,0.15,ke_phase1_16
oaf91600346,5.18,51,20.2,65.6,683,74.6,200,16.1,3.19,0.098,2.09,1180,26.7,154,8.1,0.069,0.5,163,1.89,0.17,ke_phase1_16
oaf91600347,5.09,49,9.1,61.6,600,55.6,181,18,3.26,0.066,1.34,1260,17,153,7.32,0.12,0.72,157,2.24,0.14,ke_phase1_16
oaf101600015,5.13,43,13.2,67.6,511,45.9,178,17.5,2.79,0.072,1.45,1200,28.9,168,6.25,0.13,0.61,144,2,0.14,ke_phase1_16
oaf101600024,5.84,71,29.7,95,580,47.9,178,18,2.81,0.071,2.92,1210,29.4,227,4.93,0.038,0.17,99.6,1.81,0.12,ke_phase1_16
oaf101600028,5.5,88,12.6,97.2,780,72.5,207,16.9,2.92,0.1,4.75,1000,21.8,131,7.62,0.021,0.17,127,1.76,0.15,ke_phase1_16
oaf101600041,6.18,42,4.89,133,1260,142,233,13.3,3.36,0.18,2.19,850,18.4,147,9.58,< 0.01,0.17,123,1.78,0.15,ke_phase1_16
oaf101600042,5.41,50,5.73,95.9,744,78.9,206,16.5,3.17,0.097,1.8,1010,12.5,145,7.7,0.052,0.17,133,1.36,0.12,ke_phase1_16
oaf101600045,5.33,18,16.6,44.2,389,30.5,159,17.1,2.71,0.056,1.75,1080,17.9,134,4.11,0.13,0.17,126,1.7,0.11,ke_phase1_16
oaf101600053,5.94,78,22.5,70,1220,104,199,13.6,3.11,0.16,2.35,960,28.9,143,9.36,0.045,0.17,112,2.67,0.15,ke_phase1_16
oaf101600060,5.12,32,11.9,78.6,541,45.6,171,23.6,2.68,0.063,1.35,1300,31.8,117,6.66,0.58,0.83,188,2.26,0.12,ke_phase1_16
oaf101600061,5.16,33,12.3,64.9,588,41,169,19.6,2.52,0.071,1.23,1250,19.7,122,6.7,0.58,0.61,196,2.28,0.16,ke_phase1_16
oaf101600068,5.26,23,11.4,43.8,433,46.7,186,15,2.8,0.074,1.53,1100,28.9,148,4.99,0.11,0.22,140,2.09,0.11,ke_phase1_16
oaf101600070,7.05,137,14.2,114,885,87.2,228,43.7,4.08,0.19,2.76,1100,48.3,180,5.91,0.011,0.17,127,2.18,0.11,ke_phase1_16
oaf101600094,6.49,78,12.4,69.6,626,58.2,167,20,2.86,0.11,1.4,1050,29,144,4.48,< 0.01,0.17,115,1.62,0.14,ke_phase1_16
oaf101600101,6.07,40,9.06,83.3,1030,85,201,11.2,2.92,0.16,2.47,998,18.3,146,7.61,< 0.01,0.11,125,2.21,0.13,ke_phase1_16
oaf101600113,5.33,73,11.1,65.5,374,38.4,200,21.9,2.55,0.074,0.96,1270,31.3,125,4.29,0.11,0.28,177,2.38,0.13,ke_phase1_16
oaf101600163,5.99,41,6.54,66.6,1310,160,270,12.6,3.7,0.2,2.59,1040,31.7,138,10.3,0.11,0.17,134,1.77,0.17,ke_phase1_16
oaf101600170,4.72,85,10,59.6,447,37.6,157,18.4,2.72,0.11,1.44,1310,40.2,137,6.94,1.14,2.48,183,2.29,0.14,ke_phase1_16
oaf101600172,4.95,55,10,67.5,588,52,198,22,3.3,0.13,2.24,1300,27,159,7.88,0.43,2.04,162,2.13,0.12,ke_phase1_16
oaf101600176,5.23,57,5.07,70.4,703,70.6,175,15.5,2.79,0.19,1.16,1290,25.9,120,8,0.011,0.39,183,2.14,0.16,ke_phase1_16
oaf101600200,5.12,55,9.43,54.2,599,66.9,198,14.2,2.69,0.11,1.45,1350,20.3,138,7.35,0.38,0.61,185,2.2,0.14,ke_phase1_16
oaf101600202,5.13,36,3.5,57.6,580,70.5,190,14.8,2.86,0.11,1.72,1300,19,130,7.18,0.4,0.5,180,2.02,0.15,ke_phase1_16
oaf101600204,5.14,49,9.91,56.7,719,72.9,170,15.2,2.75,0.11,2.2,1290,31.1,136,8.61,0.017,0.5,173,2.06,0.18,ke_phase1_16
oaf101600207,5.29,61,8.49,89.6,775,107,183,13.3,2.77,0.13,5.61,1250,23.2,144,8.96,0.14,0.5,145,2.46,0.15,ke_phase1_16
oaf101600208,5.24,93,6.56,69.7,812,97.1,158,15.2,2.76,0.11,2.38,1290,17.3,121,9.27,0.24,0.39,169,2.3,0.16,ke_phase1_16
oaf101600209,5.62,55,7.41,58.6,723,90.8,170,13,2.86,0.093,2.27,1300,28.3,137,6.89,0.19,0.22,166,2.36,0.16,ke_phase1_16
oaf101600210,5.15,54,8.06,73.3,638,91.9,163,16.3,2.94,0.11,4.47,1320,26,151,8.12,0.21,0.61,172,2.14,0.15,ke_phase1_16
oaf101600218,5.24,38,7.44,73.8,665,83.4,138,18.2,2.88,0.12,1.99,1390,32.3,139,7.87,0.037,0.33,180,1.97,0.16,ke_phase1_16
oaf101600220,5.43,58,5.03,117,920,68.5,156,17.1,2.93,0.11,1.99,1290,27.3,107,9.11,0.033,0.28,177,1.59,0.14,ke_phase1_16
oaf101600227,5.28,49,8.56,54.1,682,76.4,144,14.4,2.96,0.12,2.95,1300,24.7,137,7.59,0.22,0.22,164,2.2,0.13,ke_phase1_16
oaf101600241,6.26,89,71.8,194,1340,184,254,12,4.33,0.26,19.5,949,23.2,234,10.5,0.01,0.17,63.1,1.27,0.066,ke_phase1_16
oaf101600260,5.93,84,15.5,116,813,129,256,21,4.91,0.19,7.84,987,32.1,222,7.21,0.01,0.17,99.6,1.63,0.099,ke_phase1_16
oaf101600333,5.19,88,10,80,558,78.5,239,16.1,3.43,0.1,1.62,1430,19.3,255,6.95,0.42,0.5,160,2.57,0.14,ke_phase1_16
oaf101600341,5.58,126,19.6,97.7,874,144,247,16.2,3.99,0.14,3.09,1240,42.1,174,9.07,< 0.01,0.17,143,2.66,0.13,ke_phase1_16
oaf11600133,5.63,63,0.81,69.9,1200,143,342,11.7,8.03,0.21,3,1350,27.2,142,11.1,0.011,0.17,207,2.87,0.16,ke_phase2_15_chem
oaf21600038,5.11,22,6.78,39.7,412,57.5,236,17.6,3,0.066,1.91,1260,20.8,147,5.34,0.66,0.72,171,2.5,0.14,ke_phase2_15_chem
oaf21600051,5.24,14,6.97,46.7,321,52.6,233,16.3,3.11,0.094,3.98,1190,20.8,203,4.08,0.37,0.39,131,2.63,0.13,ke_phase2_15_chem
oaf21600062,5.03,30,7.25,52.7,387,66.2,252,17.6,3.03,0.092,8.44,1390,23.1,202,5.61,0.58,1.26,179,2.32,0.14,ke_phase2_15_chem
oaf21600067,4.95,32,4.71,41.6,223,38.2,204,16,2.61,0.073,1.04,1090,15.4,118,3.46,0.042,2.09,150,2.41,0.11,ke_phase2_15_chem
oaf21600075,5.37,15,8.6,36.8,405,59.2,196,17.3,2.94,0.07,1.65,1030,24.4,141,4.57,0.28,0.61,131,2.48,0.13,ke_phase2_15_chem
oaf21600084,5.07,18,19.7,37.1,285,32.6,147,23.5,2.45,0.024,1.03,1250,20.4,123,3.77,< 0.01,0.72,191,2.34,0.16,ke_phase2_15_chem
oaf21600087,5.12,13,8.07,43,239,30.7,136,19.7,2.44,< 0.02,1.2,1280,15.3,127,3.16,0.38,0.72,203,2.41,0.17,ke_phase2_15_chem
oaf21600088,5.27,14,7.82,39.9,324,45.7,167,17.4,2.6,0.091,1.01,1280,23,131,3.92,0.013,0.22,186,2.33,0.15,ke_phase2_15_chem
oaf21600092,5.13,25,9.02,38.4,378,40.1,159,17.2,2.75,0.07,1.02,1150,29.7,128,4.74,0.39,0.5,143,2.31,0.13,ke_phase2_15_chem
oaf21600095,5.33,18,5.18,39.4,459,65.7,179,11.8,2.93,0.11,1.32,1080,25.9,136,5.25,0.28,0.39,142,2.01,0.13,ke_phase2_15_chem
oaf21600104,5.24,19,5.4,43.2,420,47.2,145,15,2.55,0.075,1.01,1050,56.5,100,5.16,0.36,0.39,166,1.97,0.12,ke_phase2_15_chem
oaf21600112,5.18,27,11,48,522,51.4,255,19.7,3.06,0.099,1.51,1320,21.9,138,6.1,0.46,0.5,180,2.3,0.15,ke_phase2_15_chem
oaf21600114,4.99,23,9.18,57.4,282,39.1,220,22.8,2.78,0.10,2.94,1270,27.1,118,4.22,1.24,1.6,189,2.47,0.14,ke_phase2_15_chem
oaf21600116,5.09,28,9.9,233,330,35.2,186,19.8,2.73,0.087,1.48,1250,28.4,110,5.28,0.69,0.94,77.6,2.08,0.14,ke_phase2_15_chem
oaf21600121,5.58,30,23.7,42.1,755,79.2,182,13.9,3.16,0.14,2.22,1070,19,168,6.99,0.011,0.17,51.4,1.77,0.12,ke_phase2_15_chem
oaf21600138,5.88,30,0.87,61.3,1230,160,210,12.7,3.62,0.19,1.67,915,22.9,128,10.2,0.011,0.17,151,1.54,0.15,ke_phase2_15_chem
oaf21600142,5.13,22,9.2,49.7,383,49.4,161,20.7,2.93,0.085,2.45,1260,18.3,123,4.9,0.31,0.39,152,1.62,0.12,ke_phase2_15_chem
oaf21600143,4.98,29,11.5,278,234,35.1,159,23.4,2.8,0.069,1.86,1250,26.5,120,4.86,1.39,1.82,176,1.76,0.13,ke_phase2_15_chem
oaf21600145,5.1,27,12,43.5,339,49.7,158,18.7,2.94,0.088,1.25,1250,32.8,132,4.65,0.38,0.72,164,1.95,0.14,ke_phase2_15_chem
oaf21600148,5.48,25,13.3,49.7,635,80.5,169,13.5,2.93,0.12,3.18,1060,18.6,146,6.44,0.022,0.17,108,1.85,0.15,ke_phase2_15_chem
oaf21600150,5.34,26,11.5,56.2,596,81.7,182,15.2,3.01,0.12,2,1100,26.9,160,6.71,0.21,0.5,96.5,1.92,0.14,ke_phase2_15_chem
oaf21600156,5.14,23,10.8,45.7,458,52.6,160,18.9,2.92,0.11,0.97,1270,23.1,123,5.66,0.39,0.5,149,2.08,0.13,ke_phase2_15_chem
oaf21600167,5.53,23,22,50.3,681,96.9,164,14.8,2.83,0.10,1.76,1120,22.9,167,6.88,0.04,0.17,107,2.3,0.14,ke_phase2_15_chem
oaf21600178,5.29,28,5.78,80.8,585,99.6,194,14.4,2.92,0.098,1.74,1280,15.2,182,7.08,0.35,0.39,157,2.2,0.15,ke_phase2_15_chem
oaf21600205,5.11,38,7.96,47.1,465,80.3,142,17.3,2.7,0.16,2.47,1250,24.2,128,6.3,0.51,0.83,138,1.8,0.17,ke_phase2_15_chem
oaf21600206,5.28,18,15.3,65,494,82.9,168,14.9,2.71,0.082,2.56,1350,32.8,137,6.14,0.34,0.5,182,2.43,0.16,ke_phase2_15_chem
oaf21600209,5.12,35,8.6,59.8,560,94.5,146,14.9,2.68,0.17,1.76,1340,38.5,135,7.6,0.091,0.83,156,1.52,0.14,ke_phase2_15_chem
oaf21600211,5.31,34,9.22,64.1,433,71.9,249,18.3,3.06,0.12,1.77,1040,35.2,155,5.36,< 0.01,0.17,113,1.47,0.12,ke_phase2_15_chem
oaf21600231,5.19,19,11.8,56.2,292,62.5,170,19.4,3.23,0.098,2.21,1350,23.7,125,4.15,0.11,0.5,178,1.53,0.12,ke_phase2_15_chem
oaf21600232,4.97,31,5.5,52,350,44.5,131,20.3,3.04,0.096,1.39,1320,19.7,114,4.98,0.67,2.04,170,1.65,0.15,ke_phase2_15_chem
oaf21600237,6.32,44,114,170,851,179,308,15,3.75,0.25,17.2,998,18.5,333,7.39,0.024,0.055,41.7,1.89,0.099,ke_phase2_15_chem
oaf21600240,6.38,36,40.4,99.4,936,138,266,13,4.5,0.25,24.4,936,30.5,187,7.26,0.01,0.17,53.7,1.86,0.11,ke_phase2_15_chem
oaf21600243,5.95,38,33.7,101,606,94.9,297,15.6,3.57,0.15,13.3,865,25.9,253,5.37,< 0.01,0.17,53.6,1.33,0.083,ke_phase2_15_chem
oaf21600256,5.8,51,21.2,50.5,497,71.2,234,9.54,2.95,0.12,14.4,832,32.8,195,4.58,< 0.01,0.17,57.5,2.35,0.11,ke_phase2_15_chem
oaf21600261,5.86,40,11.6,98.5,574,95.3,230,13,3.8,0.13,10.7,863,18.9,168,5.32,0.02,0.11,63.6,1.12,0.11,ke_phase2_15_chem
oaf21600263,5.68,35,20.9,68.7,539,94.8,253,11,3.33,0.13,4.83,921,21.5,162,5.41,0.057,0.11,67.4,1.18,0.078,ke_phase2_15_chem
oaf21600272,5.79,65,4.19,74.2,994,116,298,17.3,4.39,0.18,2.91,935,28.9,173,8.58,0.01,0.17,96.2,1.47,0.12,ke_phase2_15_chem
oaf21600289,5.71,43,51.2,142,599,161,238,17.4,3.79,0.19,5.38,1100,38.2,176,6.92,0.13,0.17,86,1.72,0.13,ke_phase2_15_chem
oaf21600298,5.12,49,24.9,109,383,114,210,15.7,3.36,0.10,3.05,1210,22.6,188,6.3,0.16,0.61,108,1.66,0.11,ke_phase2_15_chem
oaf21600301,4.99,35,26.7,71.3,296,72.9,211,21.3,3.26,0.11,3.7,1230,27.8,170,5.05,0.86,1.6,124,1.5,0.11,ke_phase2_15_chem
oaf21600307,5.31,29,11.8,60.3,483,94.5,234,18.3,3.67,0.13,2.26,1220,24.7,133,6.02,0.23,0.28,156,1.95,0.11,ke_phase2_15_chem
oaf21600330,5.21,27,13.2,64.6,466,71,227,18.3,3.39,0.12,2.03,1250,47.4,152,6.06,0.29,0.39,148,2.67,0.14,ke_phase2_15_chem
oaf61600014,5.09,83,17.5,316,458,115,35,21.5,2.66,0.12,17.6,1130,14.5,117,8.16,0.5,0.75,126,2.75,0.14,ke_phase2_lr16_baseline
oaf61600066,5.68,45,6.3,150,723,102,91.2,14.6,2.66,0.16,2.13,1010,20.8,163,7.12,0.084,0.35,80.6,2.15,0.11,ke_phase2_lr16_baseline
oaf61600074,5.12,126,3.4,66.8,735,150,59.9,16.2,2.82,0.14,1.8,1190,13.1,94.6,10,0.31,0.55,176,2.62,0.19,ke_phase2_lr16_baseline
oaf61600075,5.2,90,4.13,65,750,151,61.7,16.6,2.99,0.22,1.52,1210,18.6,115,9.73,0.3,0.65,167,2.43,0.17,ke_phase2_lr16_baseline
oaf61600080,5.44,86,8.17,82.4,453,66.9,112,12.3,1.05,0.11,2.24,575,11.1,102,5,0.031,0.15,55.1,1.23,0.06,ke_phase2_lr16_baseline
oaf61600123,6.07,51,36.8,164,1040,130,112,16.2,2.76,0.28,16.8,983,17.7,134,8.39,0.074,0.15,101,2.27,0.16,ke_phase2_lr16_baseline
oaf61600136,5.04,52,10.5,64.2,399,76.5,90.1,19.1,3.19,0.094,3.38,1360,16.3,108,5.87,1.14,1.55,191,2.07,0.16,ke_phase2_lr16_baseline
oaf61600137,5.59,39,3.56,121,1010,159,204,15.2,5.47,0.23,2.97,1310,23.7,83.5,10.2,0.3,0.75,132,2.62,0.19,ke_phase2_lr16_baseline
oaf61600143,5.53,48,29.8,64.8,802,156,148,14.5,3.06,0.12,2.05,1200,13.4,140,8.57,0.22,0.55,139,2.54,0.18,ke_phase2_lr16_baseline
oaf61600144,5.26,105,8.28,100,671,157,155,17.3,2.13,0.15,2.29,1330,24.3,104,8.99,0.39,0.75,197,2.36,0.18,ke_phase2_lr16_baseline
oaf61600152,5.26,55,22.1,55.7,534,83.1,98.2,19.7,2.06,0.065,2.55,1290,12.1,113,6.36,0.72,1.15,185,2.36,0.18,ke_phase2_lr16_baseline
oaf61600163,5.47,56,35.8,117,834,167,92.1,17.4,2.33,0.13,3.02,1080,13.5,247,9.45,0.2,0.45,98.2,2.26,0.13,ke_phase2_lr16_baseline
oaf61600183,4.78,91,48.1,64.2,339,74.8,17,15.7,1.46,0.049,5.59,763,10.5,317,5.91,0.61,0.95,64.3,1.9,0.12,ke_phase2_lr16_baseline
oaf61600203,5.27,161,12.2,116,2180,521,45.6,13.1,2.24,0.075,3.84,987,34.9,352,27.9,0.29,2.15,172,3.63,0.18,ke_phase2_lr16_baseline
oaf61600235,4.73,132,26.1,118,343,68.8,54.9,30.1,1.93,0.083,3.13,1280,20.1,121,6.43,1,1.15,164,2.19,0.17,ke_phase2_lr16_baseline
oaf61600269,5.22,66,4.18,71.5,507,83.9,88.4,9.29,2.17,0.18,1.46,943,26.2,101,6.46,0.2,0.45,178,1.74,0.1,ke_phase2_lr16_baseline
oaf61600284,5.33,60,10.4,69.7,565,101,159,15.8,2.57,0.16,4.35,1030,20.9,184,6.77,0.24,0.45,102,1.65,0.11,ke_phase2_lr16_baseline
oaf61600288,5.07,110,19.7,70.5,654,109,70.3,18.2,2.9,0.15,2.52,1090,13.5,190,8.86,0.35,0.55,110,1.72,0.11,ke_phase2_lr16_baseline
oaf61600291,5.27,60,7.16,58,880,202,103,19.5,4.04,0.085,4.39,1090,19.9,152,11.2,0.25,0.55,125,2.42,0.13,ke_phase2_lr16_baseline
oaf61600295,5.63,67,7.58,232,1050,229,127,15.9,4.16,0.14,5.17,959,20.6,182,11.6,0.057,0.15,96.8,2.22,0.13,ke_phase2_lr16_baseline
oaf61600296,5.37,31,3.08,58.7,562,118,166,17.6,5.42,0.096,2.8,1270,17.2,101,6.76,0.37,0.55,203,2.31,0.18,ke_phase2_lr16_baseline
oaf61600297,5.14,102,16,82.9,676,106,66.7,18,3.1,0.14,4.63,1140,24.6,91.7,8.8,0.22,0.35,127,1.98,0.11,ke_phase2_lr16_baseline
oaf61600298,5.3,49,26.9,70.4,236,40.3,12.5,14.9,0.88,0.037,3.58,540,12.6,244,3.06,0.23,0.35,40.5,1.59,0.08,ke_phase2_lr16_baseline
oaf61600299,5.89,122,12.2,239,1290,229,114,19.3,5.25,0.34,6.56,1160,21,92.9,11.9,0.045,0.25,168,2.44,0.18,ke_phase2_lr16_baseline
oaf61600305,5.09,78,13.5,83.8,339,63.4,98,20.2,1.57,0.11,4.5,1190,9.63,115,4.91,0.85,1.15,129,1.94,0.12,ke_phase2_lr16_baseline
oaf61600320,4.78,131,18.9,62.4,346,80,83.1,25.1,1.99,0.044,3.82,1150,12.4,193,6.11,1.08,1.35,135,1.95,0.12,ke_phase2_lr16_baseline
oaf61600340,5.29,24,3.31,55.4,348,75.1,79.3,19.8,3.46,0.12,1.09,1500,13.8,82.8,4.51,1.48,1.85,276,2.55,0.19,ke_phase2_lr16_baseline
oaf61600354,4.95,20,18.8,41.8,114,17.3,3.83,22.4,1.2,0.022,2.27,677,29.4,270,2.04,0.97,1.45,72.1,1.16,0.082,ke_phase2_lr16_baseline
oaf61600359,4.96,42,9.11,45.5,367,63.2,93.5,24.7,2.79,0.022,1.8,1300,16.6,137,5.46,1.59,2.15,176,2.09,0.11,ke_phase2_lr16_baseline
oaf61600362,5.2,41,4.87,76.3,373,81.1,92.4,18.4,2.56,0.093,2.63,1170,11.6,101,5.16,0.77,1.05,144,1.99,0.12,ke_phase2_lr16_baseline
oaf61600378,4.97,59,1.75,136,545,139,52.7,21.7,3.58,0.13,2.27,1360,11.7,95.3,9.12,0.64,1.05,225,2.54,0.17,ke_phase2_lr16_baseline
oaf61600386,4.99,53,33.1,74,307,58.4,49.2,26,1.86,0.046,1.9,1150,11.3,111,4.77,1,1.35,129,1.92,0.14,ke_phase2_lr16_baseline
oaf61600399,8.09,835,812,1810,3550,825,176,45.7,3.13,2.26,132,683,110,164,30.8,0.047,0.35,-43.8,3.3,0.16,ke_phase2_lr16_baseline
oaf61600411,5.88,55,7.8,162,596,100,43.2,12.4,1.33,0.14,2.3,854,10.8,124,5.64,0.059,0.35,72.8,1.09,0.078,ke_phase2_lr16_baseline
oaf61600418,5.37,57,21.6,108,675,109,61.4,13.6,1.98,0.1,2.02,1080,10.4,155,7.75,0.3,0.65,104,1.96,0.12,ke_phase2_lr16_baseline
oaf61600421,5.73,85,10,216,1150,147,90.3,15,2.77,0.24,2.67,1030,11.6,128,10.7,0.083,0.15,106,2.51,0.13,ke_phase2_lr16_baseline
oaf61600424,4.93,127,13.1,75,644,144,75.4,15.7,2.54,0.14,2.65,1190,14,166,10.1,0.61,0.85,132,2.08,0.1,ke_phase2_lr16_baseline
oaf61600428,5.82,93,11.6,148,918,127,99.2,8.62,2.38,0.23,1.93,894,13.1,175,8.24,0.12,0.25,72.4,1.87,0.11,ke_phase2_lr16_baseline
oaf61600431,5.16,108,7.53,120,644,142,63,14.3,1.99,0.049,1.7,1160,10.7,144,9.02,0.32,0.55,119,2.01,0.12,ke_phase2_lr16_baseline
oaf61600434,5.89,41,16.8,100,744,88.3,44.1,9.85,0.98,0.1,2.35,783,8.51,108,6.24,0.13,0.15,50.3,1.41,0.068,ke_phase2_lr16_baseline
oaf61600438,4.97,121,18.6,76.2,356,66.8,73.3,13,1.2,0.023,2.05,749,11.5,117,5.5,0.24,0.55,53.4,1.07,0.055,ke_phase2_lr16_baseline
oaf61600453,5.71,55,5.34,32.2,645,95.3,14.4,7.28,2.02,0.17,1.17,350,30.9,284,6.02,0.018,0.15,41.7,1.36,0.083,ke_phase2_lr16_baseline
oaf61600459,5.82,99,15,213,679,146,82.1,12,1.77,0.27,11.2,522,14.8,156,7.07,0.038,0.25,41,1.66,0.1,ke_phase2_lr16_baseline
oaf61600469,4.97,103,20.8,66.5,478,89.3,46.6,14.1,1.54,0.26,1.02,1040,24.9,135,7.27,0.42,0.75,100,1.77,0.11,ke_phase2_lr16_baseline
oaf61600470,5.01,33,11,34.4,317,46.3,20.1,11.1,1.76,0.18,2.52,903,23.9,127,4.51,0.68,0.95,83.1,1.25,0.083,ke_phase2_lr16_baseline
oaf61600474,6.96,147,173,250,1940,210,143,6.41,2.26,1.03,20.3,609,31.9,165,12.9,0.041,0.05,27.8,2.25,0.098,ke_phase2_lr16_baseline
oaf61600489,5.16,34,16.5,62.7,195,30.1,70.3,7.25,1.1,0.17,1.7,474,26.8,114,2.85,0.23,0.45,38.9,0.8,0.042,ke_phase2_lr16_baseline
oaf61600491,5.15,48,57.3,39.3,193,29,58.7,7.23,0.77,0.15,3.34,345,23.2,91.8,2.69,0.06,0.15,21.7,1.66,0.077,ke_phase2_lr16_baseline
oaf61600498,5.8,22,7.27,86.3,761,82.2,47.5,8.15,1.52,0.22,1.75,717,32.4,124,6.63,0.045,0.25,53.4,0.54,0.033,ke_phase2_lr16_baseline
oaf61600500,5.44,36,6.28,49,297,46.4,89.7,7.79,0.69,0.17,1.23,644,36.9,132,3.5,0.17,0.35,58,0.84,0.041,ke_phase2_lr16_baseline
oaf61600523,5.89,91,34.1,318,791,147,127,11.1,2.8,0.25,4.61,976,25.4,133,8.03,0.02,0.15,79.6,2.3,0.16,ke_phase2_lr16_baseline
oaf61600526,5.96,161,12.3,343,256,70.9,80.1,16.3,0.76,0.22,1.87,642,20.4,75.3,3.62,0.029,0.15,34.8,1.62,0.11,ke_phase2_lr16_baseline
oaf61600535,8.46,186,132,476,4870,319,139,21.8,3.78,1.28,22.7,705,120,117,29.6,0.018,0.05,56.7,1.6,0.14,ke_phase2_lr16_baseline
oaf61600537,5.93,59,43.5,146,757,80,64.5,13.2,2.23,0.28,6.95,1120,31.3,86.3,6.41,0.028,0.15,103,1.82,0.14,ke_phase2_lr16_baseline
oaf61600545,6.63,58,43.5,75.3,977,59.5,85.1,8.85,1.16,0.23,2.29,544,47.3,110,6.44,0.037,0.15,38.7,1.29,0.095,ke_phase2_lr16_baseline
oaf61600548,5.51,31,10.9,91,564,72.3,68.2,10.7,1.08,0.26,1.95,911,28.6,122,5.91,0.15,0.2,76,1.21,0.088,ke_phase2_lr16_baseline
oaf61600578,5.4,37,2.79,179,626,116,54.9,10,1.42,0.21,2.48,1180,33,103,7.78,0.47,0.6,142,1.59,0.11,ke_phase2_lr16_baseline
oaf61600581,5.05,41,10.6,102,327,75,47.3,14.5,1.57,0.2,1.48,1130,22.7,96.3,5.33,0.73,0.95,140,1.78,0.14,ke_phase2_lr16_baseline
oaf61600592,5.41,49,9.13,162,459,82.3,74,7.47,1.16,0.23,1.45,943,17.8,99.4,5.72,0.049,0.05,82.6,1.28,0.1,ke_phase2_lr16_baseline
oaf61600593,5.6,69,24.4,162,526,78.1,72.9,8.64,1.44,0.19,3.02,700,25.2,125,5.7,0.016,0.15,39.1,1.36,0.072,ke_phase2_lr16_baseline
oaf61600606,5.34,78,6.93,141,659,105,84.6,11.3,2.25,0.27,4.61,923,24.2,98.9,7.93,0.061,0.15,101,1.96,0.16,ke_phase2_lr16_baseline
oaf61600630,5.48,51,14.4,86.3,567,77.7,58.9,13,1,0.22,2.81,852,29.7,132,6.09,0.1,0.25,59.1,1.79,0.12,ke_phase2_lr16_baseline
oaf61600645,4.61,72,12,60.2,219,39.7,48.5,17.6,1.84,0.22,3.09,1130,28.1,90,4.36,1.3,1.65,172,1.93,0.16,ke_phase2_lr16_baseline
oaf61600659,5.01,65,41.7,95.9,345,67.9,58.6,17.1,1.48,0.23,4,971,54.3,119,5.79,0.45,0.55,82.8,1.46,0.11,ke_phase2_lr16_baseline
oaf61600670,5.34,35,18.3,55.9,418,51.1,62.3,9.79,1.11,0.23,1.27,849,41,132,4.85,0.28,0.5,66.3,1.1,0.071,ke_phase2_lr16_baseline
oaf61600678,5.91,72,31.9,91.3,591,62,101,4.42,0.99,0.17,4.6,576,25.9,113,4.98,0.013,0.15,32.7,0.91,0.038,ke_phase2_lr16_baseline
oaf61600698,6.28,69,25.1,268,1340,140,118,9.35,3.17,0.5,9.53,731,38.8,141,10.4,0.027,0.1,40.6,1.63,0.11,ke_phase2_lr16_baseline
oaf61600720,6.32,42,19.7,178,1400,134,86.2,8.55,3,0.53,9.17,692,30.2,147,10.3,0.01,0.1,46,2.09,0.13,ke_phase2_lr16_baseline
oaf61600745,5.03,39,8.02,64.4,348,76.9,72.8,15.4,2.36,0.21,1.59,1090,25.2,109,5.47,0.79,1.1,129,1.74,0.13,ke_phase2_lr16_baseline
oaf61600747,4.86,32,4.69,35.1,203,48.4,131,17.6,3.42,0.15,1.85,1290,21.5,86.2,3.6,1.57,1.9,185,2.06,0.15,ke_phase2_lr16_baseline
oaf61600748,4.88,46,13.4,114,314,71.6,63.1,19.1,1.98,0.18,3.21,1180,39.1,92.3,5.85,1.05,1.3,148,1.56,0.14,ke_phase2_lr16_baseline
oaf61600750,4.84,54,5.07,40.9,273,73.4,173,12.9,3.08,0.18,1.83,1200,50,94.2,5.22,1.09,1.35,161,1.82,0.15,ke_phase2_lr16_baseline
oaf61600754,5.01,35,3.02,31.5,363,75.6,84.9,12.5,2.04,0.2,0.75,1230,39.2,79.8,5.63,1.15,1.35,183,1.71,0.16,ke_phase2_lr16_baseline
oaf61600762,5.15,60,1.7,102,452,94.4,147,12,4.5,0.25,1.92,1120,26.8,99,6.54,0.42,0.7,151,1.5,0.13,ke_phase2_lr16_baseline
oaf61600764,4.81,95,5.47,62.2,347,72.3,187,17.8,3.57,0.22,1.99,1270,25.7,96.4,6.01,1.05,1.25,162,1.92,0.16,ke_phase2_lr16_baseline
oaf61600767,4.67,125,3.85,90.1,362,82.2,65.3,12.2,2.47,0.2,5.12,1190,18.8,93,6.96,0.73,1,144,1.92,0.16,ke_phase2_lr16_baseline
oaf61600774,5.72,91,41,180,653,94.9,82.4,11.7,1.77,0.29,6.49,786,25.9,132,6.55,0.02,0.15,47.9,1.47,0.1,ke_phase2_lr16_baseline
oaf61600778,5.26,73,45.9,97.5,563,70.9,101,9.89,1.05,0.21,3.68,807,25.8,145,6.74,0.25,0.25,54.7,1.22,0.042,ke_phase2_lr16_baseline
oaf61600782,7.78,95,377,128,4630,123,126,3.17,2.75,1.34,8.84,847,30.8,139,25.6,0.049,0.25,71.5,2.48,0.18,ke_phase2_lr16_baseline
oaf61600785,4.82,47,22.8,66.4,164,22.5,69.2,12.6,0.79,0.16,2.69,868,19.4,92.9,2.89,0.52,0.75,71.8,0.92,0.045,ke_phase2_lr16_baseline
oaf61600787,4.87,27,3.1,85.7,119,28.8,29.5,13.7,0.82,0.11,1.27,1090,30.4,70.9,2.65,1.08,1.35,131,0.78,0.053,ke_phase2_lr16_baseline
oaf61600813,5.41,100,10.2,72,640,82.9,145,7.2,2.57,0.3,2.44,727,25.3,118,6.89,0.046,0.15,56.9,1.38,0.089,ke_phase2_lr16_baseline
oaf61600827,5.08,60,9.79,143,227,69,140,20.5,2.19,0.17,2.68,1170,26.4,91.7,4.37,0.45,0.65,140,1.68,0.13,ke_phase2_lr16_baseline
oaf61600839,5.44,65,6.39,117,566,85,151,6.36,1.49,0.25,1.53,937,20.6,156,6.37,0.095,0.15,80.8,1.3,0.066,ke_phase2_lr16_baseline
oaf61600879,5.69,60,9.32,97.4,530,84.3,133,9.92,2.13,0.21,2.69,590,22.5,213,5.31,0.11,0.25,51.3,1.38,0.1,ke_phase2_lr16_baseline
oaf61600902,6.33,44,11.3,201,899,119,56.6,5.93,1.45,0.27,3.9,926,21.3,77.5,7.18,0.019,0.05,78.4,1.83,0.15,ke_phase2_lr16_baseline
oaf61600931,4.97,33,34.1,63.4,100,16.8,56.1,9.84,0.44,0.07,0.94,631,17.9,79,1.88,0.58,0.85,53.5,0.68,0.034,ke_phase2_lr16_baseline
oaf61600962,5.82,27,4.04,103,311,46.7,34.2,6.79,0.74,0.12,1.55,601,31.4,58.6,3.18,0.13,0.25,77.7,1.3,0.11,ke_phase2_lr16_baseline
oaf61600964,5.03,55,10.9,144,279,58.3,59.3,12.9,1.07,0.2,1.33,1090,27.4,127,4.88,0.86,1.25,107,1.57,0.085,ke_phase2_lr16_baseline
oaf61600972,5.74,54,3.64,120,865,112,76.8,7.72,2.24,0.31,0.97,992,27.1,96.6,7.97,0.078,0.15,94.8,1.73,0.15,ke_phase2_lr16_baseline
oaf61600981,5.12,78,10.6,87.9,504,75.9,34.6,8.67,1.3,0.14,1.86,1070,29.4,95.9,6.82,0.39,0.55,108,2.04,0.13,ke_phase2_lr16_baseline
oaf61600987,4.75,94,29.9,117,180,39.1,37.9,11.9,0.81,0.16,1.02,896,22.8,108,3.86,0.85,1.05,80.7,1.48,0.077,ke_phase2_lr16_baseline
oaf61600993,4.92,53,8.53,101,230,52,38.5,15.8,1.2,0.12,1.06,1110,21.3,90.9,4.22,1.15,1.25,135,1.63,0.11,ke_phase2_lr16_baseline
oaf61601014,4.54,61,17.1,61.3,118,28.7,35.1,18.2,0.99,0.061,0.98,1100,21.8,109,2.88,1.34,1.65,120,1.44,0.094,ke_phase2_lr16_baseline
oaf61601017,4.63,52,8.38,83.9,125,27.9,26.5,16.7,0.94,0.054,1.75,1110,28.7,92.9,3.03,1.41,1.65,141,1.28,0.095,ke_phase2_lr16_baseline
oaf61601032,4.7,84,9.16,74.3,398,73.1,62.4,27.9,2.9,0.13,4.03,1130,42.8,92,7.26,1.05,1.6,182,2.12,0.17,ke_phase2_lr16_baseline
oaf61601041,5.05,39,5.66,49.1,306,49,35.6,10.3,1.05,0.1,1.91,935,22.4,93.1,4.39,0.53,0.7,99.6,1.4,0.085,ke_phase2_lr16_baseline
oaf61601056,4.85,78,23.7,92,421,84.5,79.3,13.6,2.47,0.16,1.76,1140,24.2,110,7.11,0.84,1.05,135,2.15,0.17,ke_phase2_lr16_baseline
oaf61601057,5.63,73,22.8,88.6,870,153,87.4,11.6,3.49,0.28,4.28,945,46.8,121,8.94,0.032,0.25,65.1,1.84,0.13,ke_phase2_lr16_baseline
oaf61601059,5.18,73,4.5,137,568,102,102,8.1,3.09,0.23,1.14,1140,41,108,7.91,0.31,0.45,131,2.1,0.16,ke_phase2_lr16_baseline
oaf61601061,5.11,45,35.4,53.6,571,88.7,63.7,8.11,2.9,0.15,1.51,1140,27.3,143,7.53,0.48,0.83,116,1.56,0.12,ke_phase2_lr16_baseline
oaf61601068,5.22,51,7.26,77.7,455,87.7,77.2,24.6,3.03,0.19,2.3,872,70.4,145,6.43,0.39,0.47,86.4,1.68,0.1,ke_phase2_lr16_baseline
oaf61601077,5.1,39,4.3,42.7,310,61.7,85.5,9.37,1.93,0.19,0.97,1180,23.9,67.5,4.48,0.6,0.85,156,1.46,0.12,ke_phase2_lr16_baseline
oaf61601085,6.69,78,177,111,2360,153,108,1.85,2.15,0.83,3.73,975,28.8,151,14.9,0.01,0.15,69.5,1.17,0.11,ke_phase2_lr16_baseline
oaf61601091,6.46,50,2.89,139,1110,117,135,5.34,1.41,0.25,0.95,865,28.7,96.8,8.06,0.011,0.15,76.8,0.98,0.055,ke_phase2_lr16_baseline
oaf61601106,5.24,55,6.7,68,411,59,124,7.43,1,0.12,1.01,925,25.1,97.2,5.12,0.25,0.35,92.2,1.15,0.059,ke_phase2_lr16_baseline
oaf61601110,5.24,51,4.65,104,470,57.8,72.3,8.88,1.14,0.18,1.39,994,31.2,79.2,5.85,0.28,0.45,99.5,1.09,0.068,ke_phase2_lr16_baseline
oaf61601115,6.25,58,16.4,152,1070,123,72.4,7.55,2.77,0.27,4.18,606,66.5,120,8.44,0.01,0.15,46.6,1.39,0.11,ke_phase2_lr16_baseline
oaf61601117,5.01,41,6.31,60,303,60.9,51.3,12.7,2.24,0.16,0.82,1170,20.4,75.8,4.73,0.94,1.25,129,1.42,0.099,ke_phase2_lr16_baseline
oaf61601121,6.02,70,5.08,221,1390,222,127,4.6,3.68,0.33,1.47,774,37,136,11.9,0.019,0.15,82.7,1.74,0.14,ke_phase2_lr16_baseline
oaf61601124,5.89,57,14.1,102,877,107,44.9,6.24,2.05,0.25,2.55,692,36.7,114,7.49,0.025,0.35,47.7,0.93,0.067,ke_phase2_lr16_baseline
oafke_0009.0,5.01,88,11.8,46.5,606,98.1,12.5,7.38,1.58,0.18,2.14,674,30.6,320,8.56,0.039,0.54,35.9,1.3,0.11,ke_phase2_lr17_baseline
oafke_0018.0,5.33,125,20.6,93.7,424,72,103,9.3,1.28,0.23,3.73,787,36.2,116,5.36,0.034,0.27,46.2,1.05,0.093,ke_phase2_lr17_baseline
oafke_0022.0,4.48,115,11.9,116,301,58.2,43.2,12.8,1.13,0.21,2.05,1310,28.1,143,6.66,0.95,1.56,124,1.8,0.1,ke_phase2_lr17_baseline
oafke_0023.0,4.87,142,15.4,180,508,107,89.9,10.2,1.28,0.27,3.77,1140,30.1,182,8.99,0.18,0.7,85.6,1.72,0.11,ke_phase2_lr17_baseline
oafke_0034.0,5.51,395,25.3,253,779,181,496,21,5.5,0.42,6.02,874,37.8,138,9.73,0.14,0.22,70.9,1.38,0.13,ke_phase2_lr17_baseline
oafke_0048.0,5.47,122,11.6,83.1,556,57,146,8.3,0.9,0.18,1.33,680,26.5,117,5.72,0.051,0.22,35.2,0.88,0.064,ke_phase2_lr17_baseline
oafke_0053.0,5.17,67,13.2,60.5,498,74.1,73.3,8.47,1.37,0.14,1.92,837,45.8,156,6.53,0.048,0.43,46.2,1.27,0.11,ke_phase2_lr17_baseline
oafke_0072.0,5.19,122,8.08,82.6,911,285,227,11.1,4.22,0.22,2.97,927,31.9,158,13.6,0.031,0.38,92.9,1.95,0.16,ke_phase2_lr17_baseline
oafke_0086.0,6.13,84,16.4,357,643,140,83.2,7.76,1.3,0.32,4.42,853,25.3,141,6.62,0.02,0.054,49.5,1.45,0.12,ke_phase2_lr17_baseline
oafke_0136.0,5.21,101,15.6,173,670,136,184,9.51,1.97,0.42,1.52,1320,29.3,96.1,9.3,0.20,0.38,127,2.31,0.17,ke_phase2_lr17_baseline
oafke_0152.0,5.07,42,12.9,38.1,220,40.1,85.4,5.44,0.47,0.033,1.41,366,23.1,126,3.28,0.085,0.49,19.6,1.12,0.077,ke_phase2_lr17_baseline
oafke_0154.0,5.72,41,42.6,43.9,431,42.7,104,4.24,0.64,0.058,3.01,478,20.7,114,3.84,< 0.01,0.11,11.8,0.86,0.05,ke_phase2_lr17_baseline
oafke_0156.0,5.7,42,7.89,127,426,81.4,93.6,6.71,1.37,0.15,2.44,745,26.1,121,4.64,0.061,0.11,36.2,1.29,0.075,ke_phase2_lr17_baseline
oafke_0177.0,5.49,126,45,344,1010,217,156,11.2,2.63,0.46,6.51,1230,25,153,12.4,0.097,0.22,98.1,2.26,0.17,ke_phase2_lr17_baseline
oafke_0192.0,5.11,68,31.4,219,475,118,180,17.5,2.04,0.37,7.33,1330,29.4,110,7.92,0.39,0.49,145,2.12,0.17,ke_phase2_lr17_baseline
oafke_0200.0,5.38,77,16.3,167,614,122,67.4,8.15,1.88,0.24,2.53,1060,27.5,156,7.76,0.08,0.27,60.8,1.64,0.11,ke_phase2_lr17_baseline
oafke_0210.0,5.17,76,19.5,107,415,87.4,123,8.61,2.21,0.17,2.04,939,28.7,178,6.04,0.03,0.38,52.2,1.27,0.071,ke_phase2_lr17_baseline
oafke_0247.0,5.12,64,9.19,112,907,166,57.4,9.65,2.44,0.2,0.89,1180,27.5,233,12.3,0.13,0.43,95.2,2.27,0.12,ke_phase2_lr17_baseline
oafke_0288.0,5.07,76,5.54,118,976,231,130,10.4,2.33,0.26,2.55,1110,25,274,14.5,0.042,0.49,109,2.67,0.15,ke_phase2_lr17_baseline
oafke_0297.0,6.12,62,10.6,124,839,99.7,149,6.21,1.9,0.31,2.05,724,31.6,130,6.72,0.034,0.054,33.5,1.42,0.1,ke_phase2_lr17_baseline
oafke_0307.0,5.14,83,22.6,94.6,330,69.2,79.6,9.77,1.05,0.13,2.47,957,24.9,153,4.95,0.017,0.43,47.9,0.99,0.079,ke_phase2_lr17_baseline
oafke_0315.0,5.15,82,7.12,139,459,72,110,8.54,1.49,0.17,1.07,1150,18.8,135,6.36,0.12,0.43,93.8,1.73,0.092,ke_phase2_lr17_baseline
oafke_0328.0,5.61,152,17.8,363,960,172,248,10.1,2.57,0.42,3.44,1060,21.4,193,10.8,0.042,0.16,101,2.75,0.18,ke_phase2_lr17_baseline
oafke_0348.0,5.64,106,9.17,187,835,130,107,7.56,2.39,0.25,2.77,996,23.9,154,8.58,0.022,0.16,66.7,1.81,0.15,ke_phase2_lr17_baseline
oafke_0365.0,5.28,77,59.6,60.3,527,57.3,196,9.15,1.66,0.15,2.16,886,27.3,207,5.99,0.054,0.32,58.4,1.04,0.081,ke_phase2_lr17_baseline
NA,NA,NA,NA,NA,NA,NA,NA,NA,NA,NA,NA,NA,NA,NA,NA,NA,NA,NA,NA,NA,ke_phase2_lr17_baseline
oafke_0378.0,5.02,145,36.9,127,533,94.6,130,9.38,2.4,0.24,2.81,1170,29.6,166,8.1,0.071,0.54,77.5,1.45,0.13,ke_phase2_lr17_baseline
oafke_0383.0,5.64,96,27.7,160,780,121,107,9.11,2.42,0.32,28.1,974,30.5,185,8.01,0.088,0.16,52.7,2.02,0.14,ke_phase2_lr17_baseline
oafke_0386.0,4.61,141,21.1,70.2,336,59.4,72.3,12.5,1.57,0.22,1.17,1290,32.2,130,6.39,0.44,1.24,112,1.58,0.11,ke_phase2_lr17_baseline
oafke_0390.0,5.24,108,27.7,178,606,99.1,96.2,14.4,1.14,0.29,5.33,1000,31.8,200,8.05,0.048,0.32,68.6,1.84,0.083,ke_phase2_lr17_baseline
oafke_0412.0,6.29,74,14.5,148,1460,161,179,4.23,3.17,0.46,4.56,978,21.6,149,10.8,0.031,0.054,82.1,2.41,0.13,ke_phase2_lr17_baseline
oafke_0421.0,5.02,68,17.5,108,752,120,46.1,12.8,2.49,0.19,3.18,1080,37.7,350,10.8,0.11,0.54,156,0.83,0.1,ke_phase2_lr17_baseline
oafke_0434.0,5.39,48,11.7,54.1,862,106,60.3,7.22,2.11,0.23,2.95,1050,28.9,148,9.08,0.053,0.27,62.3,1.37,0.11,ke_phase2_lr17_baseline
oafke_0458.0,6.19,130,25.9,276,2070,174,192,6.08,3.82,0.59,5.11,961,20.8,173,15.2,0.029,0.054,3.82,2.31,0.17,ke_phase2_lr17_baseline
oafke_0462.0,5.06,81,27.1,72.7,527,53.5,90.6,8.62,0.9,0.17,1.97,928,28.6,147,6.85,0.09,0.49,39.4,0.85,0.08,ke_phase2_lr17_baseline
oafke_0463.0,4.98,190,54.3,186,401,100,132,15.7,2.42,0.22,2.79,1230,33.5,179,7.34,0.20,0.59,96.6,1.75,0.14,ke_phase2_lr17_baseline
oafke_0471.0,6.11,82,41.3,270,1160,166,119,8.18,2.18,0.6,16.6,988,26.6,167,9.82,0.028,0.054,55.1,1.95,0.12,ke_phase2_lr17_baseline
oafke_0482.0,5.11,120,13.3,90.1,563,94,68.2,9.42,2.27,0.23,3.4,1080,31.6,173,7.76,0.047,0.49,66.6,0.94,0.074,ke_phase2_lr17_baseline
oafke_0492.0,5.03,69,14.1,120,559,96,59.1,9.46,2.03,0.19,2.5,1020,26.5,216,8.27,0.092,0.54,61.7,1.42,0.081,ke_phase2_lr17_baseline
oafke_0499.0,5.05,106,72.2,376,1880,234,161,8.31,2.76,0.51,6.31,1130,40.7,257,25.4,0.018,0.54,114,3.4,0.17,ke_phase2_lr17_baseline
oafke_0506.0,5.09,51,32.1,71.2,373,50.1,103,7.58,1.08,0.28,1.73,731,43,135,5.25,0.36,0.49,31.7,0.93,0.073,ke_phase2_lr17_baseline
oafke_0509.0,5.06,125,40,80.9,571,58.6,177,11,3.3,0.19,4.9,729,37.3,239,7.5,0.071,0.49,54.6,1.49,0.081,ke_phase2_lr17_baseline
oafke_0526.0,5.05,179,86.4,296,677,151,197,21.8,1.99,0.43,5.02,1400,29.5,135,11.2,0.071,0.49,113,2.38,0.12,ke_phase2_lr17_baseline
oafke_0533.0,5.12,145,26.5,156,1010,155,186,7.87,2.8,0.45,3.5,1220,27.2,175,13.3,0.042,0.43,99.6,2.98,0.16,ke_phase2_lr17_baseline
oafke_0548.0,5.32,104,35.2,267,592,103,91.2,20,2.07,0.33,6.3,1040,31.4,184,8.02,0.045,0.27,54.3,1.95,0.12,ke_phase2_lr17_baseline
oafke_0573.0,5.13,79,16.9,153,853,144,223,12.2,2.69,0.4,5.07,1290,28.7,150,11.6,0.17,0.43,116,2.67,0.16,ke_phase2_lr17_baseline
oafke_0579.0,6.01,139,33.4,188,649,117,465,12.3,3.64,0.35,7.78,667,40,178,6.11,0.031,0.054,49.4,1.08,0.051,ke_phase2_lr17_baseline
oafke_0583.0,4.96,93,11.5,72.6,468,77.9,74.1,9.68,1.89,0.27,3.19,1030,40,132,7.17,0.08,0.65,79.2,1.51,0.1,ke_phase2_lr17_baseline
oafke_0589.0,5.97,86,77.9,141,740,115,529,4.4,2.46,0.23,9.57,679,17.2,197,6.48,0.035,0.054,37.5,0.98,0.071,ke_phase2_lr17_baseline
oafke_0592.0,5.63,71,5.55,122,722,148,538,7.07,3.13,0.26,5.77,925,28.9,171,7.79,0.056,0.16,75.7,1.3,0.1,ke_phase2_lr17_baseline
oafke_1412.0,5.56,50,6.3,153,906,111,60.5,6.27,1.74,0.31,3.5,881,29.9,169,9.12,0.034,0.16,51.8,1.6,0.11,ke_phase2_lr17_baseline
oafke_1418.0,5.51,69,14.9,182,811,125,89.4,10.9,2.13,0.33,4.29,1190,25.5,206,8.88,0.022,0.22,61.4,2.22,0.1,ke_phase2_lr17_baseline
oafke_1425.0,5.27,80,8.07,128,704,110,99.5,10.7,2.92,0.26,4.79,1140,42.1,219,8.8,0.03,0.32,67.6,1.53,0.12,ke_phase2_lr17_baseline
oafke_1816.0,4.54,103,17.4,89,291,44.1,60.6,14,1.25,0.19,3.26,1410,26.7,147,5.78,0.54,1.35,108,0.88,0.081,ke_phase2_lr17_baseline
oafke_1919.0,5.28,92,41.2,168,1030,185,267,11.6,2.71,0.41,5.38,1260,31.1,249,12.8,0.053,0.32,105,2.5,0.14,ke_phase2_lr17_baseline
oafke_1920.0,5.44,76,9.7,224,707,106,139,10.6,1.62,0.35,6.31,1280,25.1,182,8.27,0.074,0.22,84.6,1.3,0.11,ke_phase2_lr17_baseline
oafke_1922.0,5.26,88,21.9,154,686,94.6,104,10.7,1.47,0.28,5.83,1230,25.8,194,8.45,0.075,0.32,78.3,1.19,0.1,ke_phase2_lr17_baseline
NA,NA,NA,NA,NA,NA,NA,NA,NA,NA,NA,NA,NA,NA,NA,NA,NA,NA,NA,NA,NA,ke_phase2_lr17_baseline
oafke_1931.0,5.08,96,7.88,144,616,107,134,12,2.61,0.23,3.47,1290,33.3,197,8.94,0.10,0.49,91.2,1.66,0.13,ke_phase2_lr17_baseline
oafke_1988.0,5.4,96,6.07,183,967,210,689,9.78,3.65,0.36,5.43,1300,20.9,135,11.8,0.085,0.22,142,1.71,0.1,ke_phase2_lr17_baseline
oafke_2000.0,5.54,57,40.4,114,502,77.5,69.7,8.93,1.91,0.19,4.82,713,31.6,168,5.53,0.05,0.16,18.2,0.84,0.076,ke_phase2_lr17_baseline
oafke_2005.0,4.66,65,14.3,62.2,268,51.7,179,12.8,2.97,0.15,5.08,1170,20.5,255,5.03,0.46,1.13,77.2,1.16,0.1,ke_phase2_lr17_baseline
oafke_2089.0,4.6,82,30.3,78.3,237,47.6,152,17.3,1.9,0.17,4.67,1560,24.5,175,4.87,0.97,1.24,135,1.6,0.14,ke_phase2_lr17_baseline
oafke_2090.0,4.8,119,2.78,68.1,863,155,338,10.8,8.07,0.31,4.42,1510,37.9,133,13.8,0.16,0.81,214,2.57,0.19,ke_phase2_lr17_baseline
oafke_2105.0,4.78,97,3.46,127,574,105,88.2,10.3,1.53,0.26,3.69,1420,31.9,167,9.84,0.33,0.86,146,1.35,0.099,ke_phase2_lr17_baseline
oafke_2107.0,4.63,101,5,82.8,524,102,92,12.5,2.38,0.14,3.65,1180,21.7,327,9.57,0.11,1.19,110,0.92,0.11,ke_phase2_lr17_baseline
oafke_2108.0,5.15,92,22.1,90.4,628,99.9,258,9.05,3.19,0.18,4.3,1100,24,299,8.22,0.068,0.43,65.4,0.7,0.09,ke_phase2_lr17_baseline
oafke_2110.0,5.46,129,20.1,72.7,973,186,72.5,10,2.82,0.22,4.94,752,33.6,409,10.8,0.10,0.22,43.5,1.25,0.086,ke_phase2_lr17_baseline
oafke_2121.0,4.96,124,37.5,110,513,59.4,194,11.3,1.07,0.14,2.89,1060,24.1,214,7.38,0.027,0.65,58.2,0.85,0.075,ke_phase2_lr17_baseline
oafke_2187.0,5.6,94,20.6,189,920,143,99.4,11.8,2.77,0.31,8.28,1200,44,188,9.68,0.052,0.16,75.6,1,0.095,ke_phase2_lr17_baseline
oafke_2210.0,5.67,71,16.5,252,844,143,124,11.3,3.28,0.35,16,1020,36,259,9,0.031,0.11,51.1,1.01,0.16,ke_phase2_lr17_baseline
oafke_2221.0,5.01,50,11.5,110,668,101,97.6,13.1,1.9,0.25,4.13,1190,18.9,303,9.49,0.17,0.54,86.3,0.66,0.081,ke_phase2_lr17_baseline
oafke_2225.0,4.8,89,20.4,124,471,102,138,14.6,1.85,0.33,3.17,1530,44.3,114,8.6,0.64,0.81,178,1.51,0.13,ke_phase2_lr17_baseline
oafke_2226.0,5.16,78,9.54,125,625,91.9,121,12.4,2.67,0.26,4.06,1220,29,203,8.23,< 0.01,0.43,80.7,1.03,0.098,ke_phase2_lr17_baseline
oafke_2234.0,6.18,92,119,377,1940,307,221,12.8,5.13,0.72,18.8,1070,35.3,274,16.2,0.036,0.054,51.4,2.19,0.15,ke_phase2_lr17_baseline
oafke_2239.0,5.22,91,9.35,210,1010,229,80.3,13,4.37,0.32,4.82,1330,32.7,177,14,0.087,0.38,139,2.35,0.15,ke_phase2_lr17_baseline
oafke_2241.0,5.33,54,5.58,139,954,204,467,12.6,3.35,0.37,5.28,1420,33.4,136,12,< 0.01,0.27,181,1.54,0.13,ke_phase2_lr17_baseline
oafke_2243.0,5.9,144,151,310,1420,223,482,8.53,3.25,0.44,12.8,1110,31.8,240,12.9,0.011,0.054,68.1,1.12,0.16,ke_phase2_lr17_baseline
oafke_2266.0,5.14,123,2.94,106,896,181,680,14.8,5.04,0.38,7.28,1250,29.3,173,12.3,0.014,0.43,144,1.1,0.1,ke_phase2_lr17_baseline
oafke_2273.0,5.69,87,29,436,1480,229,216,12,3.03,0.72,9.73,1300,27.3,161,15.1,< 0.01,0.11,111,2.25,0.18,ke_phase2_lr17_baseline
oafke_2301.0,4.76,104,18.6,128,477,92.7,88.4,13.2,1.66,0.24,3.26,1300,28.5,162,8.53,0.45,0.92,118,2.06,0.12,ke_phase2_lr17_baseline
oaf_51700095.0,5.54,36,33.2,159,790,101,115,10.5,3.76,0.25,9.01,1050,41.7,198,8.29,0.025,0.2,67.4,1.87,0.11,ke_phase2_sr16_endline
oaf_51700102.0,5.52,38,33.2,150,801,103,118,9.17,3.75,0.24,9.06,1110,22.5,207,8.32,0.018,0.2,65,1.98,0.11,ke_phase2_sr16_endline
oaf_51700114.0,5.57,37,24.2,132,798,99.2,119,8.74,3.21,0.25,9,1030,21.8,179,7.97,0.047,0.15,67.6,1.99,0.11,ke_phase2_sr16_endline
oaf_51700117.0,5.58,35,35.5,152,747,96.5,109,10.4,3.62,0.23,8.45,1010,25.4,186,7.62,0.026,0.15,62.6,1.68,0.12,ke_phase2_sr16_endline
oaf_51700127.0,4.84,28,9.03,53.4,384,66.9,13.4,7.76,0.7,0.11,4.21,1000,28.4,630,6.21,0.71,1.1,124,1.93,0.12,ke_phase2_sr16_endline
oaf_51700134.0,5.13,36,14.1,91.7,444,95.5,91.5,9.95,2.04,0.29,4.37,1290,25.2,137,6.49,0.23,0.7,121,1.48,0.13,ke_phase2_sr16_endline
oaf_51700157.0,5.4,30,6.83,108,544,104,141,8.34,1.8,0.14,3.7,1120,22.7,182,6.56,0.11,0.25,85.4,1.44,0.11,ke_phase2_sr16_endline
oaf_51700668.0,4.8,38,8.41,36,521,88.8,25,11.5,2.66,0.1,3.57,1130,24.6,399,8.2,0.8,1.45,102,1.73,0.13,ke_phase2_sr16_endline
oaf_51700675.0,5.39,45,6.79,59.6,658,164,251,11.4,3.09,0.16,2.81,1110,21.6,210,8.16,0.062,0.25,110,1.6,0.13,ke_phase2_sr16_endline
oaf_51700685.0,5.05,20,10.4,60.9,195,28.2,77.8,10.2,0.84,0.067,3.86,960,34.7,126,3.08,0.36,0.85,64.6,1,0.077,ke_phase2_sr16_endline
oaf_51700697.0,5.03,33,13.5,105,285,67.7,74.7,9.68,1.01,0.13,3.95,1160,26.9,140,4.89,0.4,0.85,81.3,1.03,0.098,ke_phase2_sr16_endline
oaf_51700701.0,5.72,77,11.7,311,784,153,148,8.9,3.14,0.27,4.68,1150,21.4,151,8.61,0.021,0.1,89.5,2.37,0.15,ke_phase2_sr16_endline
oaf_51700720.0,5.46,32,40.5,70.1,311,53,72.8,7.66,0.88,0.08,7.9,647,25.6,122,3.67,0.037,0.25,28.1,0.76,0.054,ke_phase2_sr16_endline
oaf_51700725.0,5.82,52,11.3,108,974,122,107,5.69,1.48,0.32,5.82,1070,24.1,128,8.49,0.035,0.1,75.6,1.48,0.086,ke_phase2_sr16_endline
NA,NA,NA,NA,NA,NA,NA,NA,NA,NA,NA,NA,NA,NA,NA,NA,NA,NA,NA,NA,NA,ke_phase2_sr16_endline
oaf_51700727.0,5.01,29,4.83,111,266,47.1,85.7,11.1,0.97,0.12,2.75,1050,25.2,120,4.42,0.37,0.95,88,1.1,0.071,ke_phase2_sr16_endline
oaf_51700732.0,4.84,36,31.6,71.7,244,43.1,101,12.2,1.42,0.13,3.84,988,24.3,209,4.24,0.53,1.15,65,0.93,0.075,ke_phase2_sr16_endline
oaf_51700769.0,5.54,38,15.5,122,378,57.8,92.8,8.03,0.63,0.14,4.14,832,17.4,120,4.25,0.08,0.2,43.5,1.25,0.073,ke_phase2_sr16_endline
oaf_51700786.0,5.51,23,38.2,88.9,295,45.2,129,10.1,0.84,0.067,4.05,782,19.5,124,3.39,0.043,0.25,44.8,0.73,0.071,ke_phase2_sr16_endline
oaf_51700787.0,7.73,68,115,123,1540,71.4,97.3,2.91,2.36,0.73,22.8,672,22.2,118,9.04,0.013,0.05,33.3,1.26,0.078,ke_phase2_sr16_endline
oaf_51700808.0,6.03,20,15.5,65.4,542,50.7,97.4,3.37,0.94,0.11,5.24,655,23.1,114,4.24,0.057,0.1,25.9,0.85,0.098,ke_phase2_sr16_endline
oaf_51700810.0,5.83,22,16.4,71.6,565,54.1,100,5.59,1.1,0.092,5.35,655,18.1,112,4.77,0.037,0.1,30.4,0.86,0.095,ke_phase2_sr16_endline
oaf_51700815.0,5.54,38,3.78,195,831,197,55.7,9.53,3.02,0.33,3.44,1180,21.1,120,9.85,0.11,0.2,141,1.92,0.14,ke_phase2_sr16_endline
oaf_51700826.0,5.13,21,9.49,48.2,392,71,70.4,9.38,1.92,0.19,2.73,1200,22.7,129,5.36,0.4,0.75,113,1.5,0.099,ke_phase2_sr16_endline
oaf_51700827.0,5.2,28,8.31,111,425,79.9,77.9,10.9,2.31,0.21,3.63,1220,23.8,144,5.89,0.31,0.55,111,1.63,0.11,ke_phase2_sr16_endline
oaf_51700841.0,5.24,24,14.1,76.7,317,42.1,157,9.36,1.51,0.17,3.1,964,23.9,175,4.05,0.24,0.45,58.6,1.17,0.066,ke_phase2_sr16_endline
oaf_51700850.0,5.28,30,20.8,59.6,456,56.8,158,9.7,1.86,0.15,6.63,1060,22.4,150,5.31,0.089,0.4,65.8,1.23,0.088,ke_phase2_sr16_endline
oaf_51700852.0,5.8,59,9.39,320,797,129,74.5,11,1.87,0.31,5.84,1230,25.2,197,8.18,0.019,0.1,96.5,1.75,0.12,ke_phase2_sr16_endline
oaf_51700874.0,6.53,198,29.4,92.4,2490,124,61.9,4.56,2.13,0.76,3.69,1160,21.9,109,15.7,< 0.01,0.1,168,2.08,0.14,ke_phase2_sr16_endline
oaf_51700938.0,5.01,30,11.6,73.8,354,69.8,83.1,15.1,2.04,0.14,4.71,1320,24.4,164,5.52,0.62,0.9,130,1.15,0.12,ke_phase2_sr16_endline
oaf_51700965.0,4.93,48,33.7,79.8,279,44.1,101,10.6,0.76,0.13,3.14,854,25,155,4.51,0.61,0.95,50.1,1.11,0.049,ke_phase2_sr16_endline
oaf_51700966.0,6.29,82,64,281,687,113,110,7.48,0.83,0.34,8.46,893,39.2,137,6.25,< 0.01,0.1,34.7,0.97,0.074,ke_phase2_sr16_endline
NA,NA,NA,NA,NA,NA,NA,NA,NA,NA,NA,NA,NA,NA,NA,NA,NA,NA,NA,NA,NA,ke_phase2_sr16_endline
oaf_51700968.0,5.31,37,6.32,66.8,726,114,120,11.1,3.93,0.21,3.8,1200,24.2,167,8.44,0.15,0.35,122,1.43,0.14,ke_phase2_sr16_endline
oaf_51700984.0,5.06,33,34.1,77.2,305,43.3,104,10,0.79,0.11,4.13,860,22.3,163,4.4,0.23,0.85,52,0.96,0.063,ke_phase2_sr16_endline
oaf_51701045.0,4.77,73,19.6,42.6,606,143,17.7,12.3,1.36,0.078,3.06,693,26.7,527,10.5,0.56,1.65,61.8,1.62,0.11,ke_phase2_sr16_endline
oaf_51701046.0,5.31,26,17.6,77.1,235,41.6,89.8,7.4,1.18,0.084,3.81,443,20.3,110,3.14,0.049,0.35,10.9,0.57,0.053,ke_phase2_sr16_endline
oaf_51701053.0,5.53,23,12,56.4,280,39.8,97.1,6.45,0.77,0.08,3.66,460,26.2,107,3.08,0.045,0.2,15.8,0.72,0.051,ke_phase2_sr16_endline
oaf_51701072.0,5.88,29,46.1,94.6,482,70.5,126,5.33,0.93,0.1,7.4,686,25.1,130,4.42,0.031,0.1,23.8,0.92,0.082,ke_phase2_sr16_endline
oaf_51701074.0,5.39,33,9.48,61,1010,283,32.5,7.95,2.62,0.14,2.58,576,30.2,460,12.8,< 0.01,0.3,60.6,1.83,0.12,ke_phase2_sr16_endline
oaf_51701575.0,6.43,31,110,131,1670,136,111,7.81,3.09,0.39,5.19,726,26.1,232,11.5,< 0.01,0.1,31.9,1.38,0.11,ke_phase2_sr16_endline
oaf_51701579.0,5.71,31,8.85,59.6,1180,190,50.4,5.68,4.11,0.2,2.69,876,53.8,258,11.2,0.026,0.1,77.1,1.45,0.12,ke_phase2_sr16_endline
oaf_51701583.0,5.83,33,9.1,94.3,848,88.4,154,7.9,2.66,0.27,3.09,883,18.7,163,7.15,< 0.01,0.1,58.9,1.1,0.11,ke_phase2_sr16_endline
oaf_51701584.0,5.46,28,10.6,104,656,90.5,102,9.98,2.45,0.18,3.9,933,30.8,178,7.12,0.033,0.25,72.3,1.32,0.1,ke_phase2_sr16_endline
oaf_51701588.0,5.54,27,19.5,65,722,76,121,11.9,2.04,0.17,3.79,940,24.9,126,6.96,0.052,0.2,74.5,1.12,0.1,ke_phase2_sr16_endline
oaf_51701595.0,5.76,26,11.7,96.3,1120,127,66.6,7.31,2.38,0.29,2.84,1000,19.9,163,9.72,0.035,0.1,70.3,1.33,0.1,ke_phase2_sr16_endline
oaf_51701602.0,6.03,67,1.37,144,983,150,172,8.61,3.26,0.33,3.97,996,29.4,119,8.32,0.012,0.1,76.3,1.45,0.093,ke_phase2_sr16_endline
oaf_51701611.0,7.77,216,195,366,8610,586,239,5.02,5.12,2.08,64.6,626,30.5,112,50.9,0.032,0.05,61.9,3.17,0.19,ke_phase2_sr16_endline
oafke_0000003.0,5.82,57,60.6,343,1180,178,121,13.7,2.18,0.37,6.78,1030,< 0.60,191,11.2,0.035,0.15,81.8,1.75,0.12,ke_shs_17
oafke_0000025.0,5.66,78,7.11,335,1060,156,504,8.91,4.92,0.27,17.8,1120,< 0.60,160,10.9,0.041,0.1,153,2.07,0.16,ke_shs_17
oafke_0000031.0,5.29,39,21.1,134,444,60.4,410,18.2,0.97,0.12,3.99,1010,< 0.60,174,5.4,0.15,0.2,89.5,1.34,0.11,ke_shs_17
oafke_0000061.0,5.23,91,4.54,203,1650,258,318,8.48,1.74,0.49,10.3,1390,< 0.60,134,19.9,0.098,0.25,319,3,0.23,ke_shs_17
oafke_0000074.0,4.83,50,9.69,45.5,391,68.7,131,10.9,1.73,0.13,4.22,1100,< 0.60,191,6.03,0.45,0.6,107,1.24,0.078,ke_shs_17
oafke_0000076.0,4.92,76,9.92,104,521,115,159,10.9,2,0.21,4.7,1210,< 0.60,165,8.36,0.48,0.75,144,1.69,0.13,ke_shs_17
oafke_0000081.0,7.5,171,72.1,408,2300,316,375,10.9,5.53,1.25,36.5,791,1.41,158,15.8,0.013,0.05,79.7,2.06,0.14,ke_shs_17
oafke_0000115.0,5.11,94,4.43,155,881,183,528,14.5,10.5,0.32,12.2,1410,< 0.60,126,12.4,0.33,0.45,281,2.85,0.22,ke_shs_17
oafke_0000125.0,5.89,57,20.5,253,1260,165,141,7.32,3.83,0.29,4.54,1140,< 0.60,159,10.9,0.021,0.1,103,2.12,0.16,ke_shs_17
oafke_0000130.0,5.06,17,5.05,41.3,206,42.6,280,8.92,2.49,0.034,3.09,711,2.3,198,3.03,0.34,0.55,84.1,1.12,0.11,ke_shs_17
oafke_0000137.0,6.07,51,6.25,274,1940,341,280,6.7,4.59,0.33,7.4,1020,0.64,181,16.4,< 0.01,0.1,127,1.88,0.17,ke_shs_17
oafke_0000149.0,6.58,126,3.15,485,3260,802,287,7.22,8.76,0.9,4.63,897,< 0.60,114,27.3,< 0.01,0.1,134,2.46,0.2,ke_shs_17
oafke_0000167.0,5.33,130,1.94,214,2190,651,110,11.6,4.62,0.098,5.12,812,26,408,29.3,< 0.01,0.1,172,2.08,0.17,ke_shs_17
oafke_0000168.0,4.63,50,13.7,95.3,250,50.5,313,19.4,2,0.11,3.83,1420,< 0.60,164,4.86,1.05,1.5,225,1.83,0.15,ke_shs_17
oafke_0000182.0,4.54,128,5.5,185,665,125,330,24,5.22,0.42,10,1670,6.85,124,13,1.28,1.65,363,2.55,0.22,ke_shs_17
oafke_0000202.0,4.88,111,4.8,207,495,107,382,12.6,1.46,0.24,5.71,1500,< 0.60,123,8.67,0.43,0.7,226,1.95,0.19,ke_shs_17
oafke_0000207.0,5.38,67,3.42,163,1450,264,288,9.15,8.5,0.24,7.47,1130,10.9,171,16.6,0.02,0.1,167,2.18,0.2,ke_shs_17
oafke_0000210.0,5.78,57,0.8,169,1400,216,522,8.98,11,0.36,10.7,1050,< 0.60,138,12.7,0.088,0.15,164,2.08,0.17,ke_shs_17
oafke_0000224.0,5.09,56,4.03,49.6,1040,112,130,12.1,3.02,0.13,2.97,1630,1.67,105,12.4,0.38,0.45,303,2.61,0.18,ke_shs_17
oafke_0000230.0,6.08,157,50.7,454,2830,335,290,6.48,20.4,0.59,11.1,1000,2.92,199,22.4,< 0.01,0.15,155,2.54,0.19,ke_shs_17
oafke_0000240.0,5.08,125,11.6,204,577,122,522,12,3.05,0.16,10.8,1130,2.99,206,8.85,0.075,0.2,150,1.64,0.14,ke_shs_17
oafke_0000245.0,4.19,95,6.91,55.1,248,48.6,41.5,26.5,0.61,0.052,4.17,1270,5.54,417,6.08,2.31,2.95,198,2.02,0.14,ke_shs_17
oafke_0000277.0,4.97,116,2.35,133,1130,224,315,10.2,6.82,0.36,7.46,1410,< 0.60,95.8,16.7,0.35,0.73,293,2.16,0.2,ke_shs_17
oafke_0000285.0,4.73,39,3.75,40.4,228,40.8,87.9,11.7,2.67,0.16,2.75,1170,< 0.60,104,3.81,0.8,1.15,159,1.4,0.14,ke_shs_17
oafke_0000291.0,6.3,67,23.5,361,1900,329,234,6.79,1.88,0.5,5.46,894,1.49,114,15.6,< 0.01,0.05,108,2,0.17,ke_shs_17
oafke_0000294.0,5.44,149,15.7,287,1010,169,300,9.06,2.65,0.34,4.51,1070,< 0.60,112,11.7,0.043,0.15,133,1.96,0.17,ke_shs_17
oafke_0000298.0,6.11,102,10.8,656,1780,334,232,11,2.37,0.61,8.34,987,6.02,118,16.5,0.02,0.05,138,2.38,0.18,ke_shs_17
oafke_0000311.0,6.03,67,8.91,144,1240,189,130,7.13,2.54,0.43,5.7,952,4.89,103,10.2,0.075,0.15,70.8,2.43,0.16,ke_shs_17
oafke_0000345.0,6.83,76,3.58,278,3910,440,204,4.29,8.39,0.54,5.03,998,3.5,80.1,25.8,0.019,0.05,190,1.77,0.18,ke_shs_17
oafke_0000368.0,6.6,48,47.8,257,2100,329,304,7.18,4.76,0.7,11,895,1.91,108,15.6,0.018,0.1,84.3,1.75,0.17,ke_shs_17
oafke_0000386.0,5.27,38,3.77,159,859,144,74.1,9.57,2.41,0.34,3.41,1260,1.9,118,10.5,0.18,0.4,168,2.12,0.16,ke_shs_17
oafke_0000401.0,5.51,79,5.38,167,831,150,26.3,11.2,2.29,0.26,3,867,< 0.60,245,9.13,0.011,0.05,85.8,1.66,0.12,ke_shs_17
oafke_0000412.0,4.57,83,4.55,203,400,75,217,19.4,1.89,0.25,4.21,1300,13,101,8.4,1.31,1.75,255,2.25,0.17,ke_shs_17
oafke_0000413.0,5.91,50,25.2,175,1060,185,233,6.7,2.18,0.31,3.73,770,< 0.60,133,9.51,0.013,0.15,53.4,1.67,0.15,ke_shs_17
oafke_0000415.0,5.41,39,6.73,119,619,211,218,9.98,1.52,0.21,4.09,950,8.14,143,8.55,0.051,0.15,85.3,1.74,0.15,ke_shs_17
oafke_0000419.0,5.45,70,7.48,231,836,199,342,14.2,2.07,0.34,11.3,1190,< 0.60,123,10.4,0.017,0.15,139,2.06,0.16,ke_shs_17
oafke_0000437.0,5.84,69,68.7,214,1900,212,168,6.63,5.36,0.61,10.6,1160,< 0.60,152,15.9,< 0.01,0.05,150,2.47,0.2,ke_shs_17
oafke_0000448.0,5.86,67,14.4,240,1890,247,344,8.7,8.19,0.49,16.4,1030,7.09,96.2,16.2,0.023,0.15,137,1.89,0.16,ke_shs_17
oafke_0000454.0,6.35,38,36,508,2470,323,323,8.11,3.46,0.65,6.89,1000,3.67,91.2,19.2,0.01,0.15,126,2.05,0.18,ke_shs_17
oafke_0000484.0,5.72,30,2.36,211,1340,238,156,13.3,3.71,0.45,4.59,1130,0.61,96.2,13.1,0.031,0.1,160,1.92,0.18,ke_shs_17
oafke_0000491.0,5.28,126,20.5,244,712,131,181,14.4,0.92,0.29,3.46,1170,< 0.60,104,9.34,0.041,0.2,88.4,1.71,0.11,ke_shs_17
oafke_0000502.0,5.76,76,7.58,223,1410,268,275,10.5,7.87,0.37,12.3,996,< 0.60,124,13.7,0.014,0.15,124,2.41,0.2,ke_shs_17
oafke_0000503.0,5.53,111,5.8,267,1430,282,309,12.3,11.8,0.53,18.1,1230,4.25,80.7,15.8,0.045,0.2,242,2.83,0.22,ke_shs_17
oafke_0000512.0,6.25,36,8.27,282,1580,234,345,8.42,2.27,0.49,4.24,895,< 0.60,111,12.7,< 0.01,0.05,96.7,2.1,0.17,ke_shs_17
oafke_0000513.0,5.63,88,6.34,88.1,759,125,49.6,10.3,0.68,0.18,4.81,668,0.61,77.3,7.48,0.02,0.1,24.2,1.19,0.062,ke_shs_17
oafke_0000522.0,5.25,105,8.94,195,1650,211,280,13.2,1.41,0.38,11.1,1330,4.75,115,18.9,0.15,0.35,323,2.71,0.23,ke_shs_17
oafke_0000524.0,5.81,70,22.6,234,829,157,341,11.3,1.52,0.27,8.77,1000,< 0.60,126,8.24,0.025,0.15,77.3,1.92,0.14,ke_shs_17
oafke_0000538.0,6.08,64,20.1,264,2150,286,437,8.02,9.52,0.46,12,988,< 0.60,118,17.1,0.011,0.05,130,2.05,0.18,ke_shs_17
oafke_0000546.0,5.1,51,5.78,60.6,381,83.8,137,12.1,2,0.11,3.75,1010,< 0.60,103,5.44,0.14,0.3,86.3,1.31,0.11,ke_shs_17
oafke_0000564.0,5.44,78,0.81,209,1700,265,355,9.4,18.4,0.23,4.99,1120,< 0.60,141,18.2,0.046,0.1,155,2.21,0.17,ke_shs_17
oafke_0000583.0,4.83,57,7.15,78,505,130,95.1,9.92,2.01,0.063,1.26,1180,< 0.60,113,8.69,0.55,0.75,135,1.42,0.12,ke_shs_17
oafke_0000601.0,5.67,139,8.71,446,1850,321,400,8.62,6.21,0.48,13,1190,< 0.60,119,18.9,0.12,0.15,255,2.72,0.23,ke_shs_17
oafke_0000607.0,5.49,89,7.43,152,997,210,435,9.61,1.52,0.19,8.85,892,< 0.60,188,11.3,0.035,0.1,105,1.5,0.13,ke_shs_17
oafke_0000613.0,5.94,74,3.84,448,1200,205,257,7.42,2.41,0.38,5.33,1110,< 0.60,102,11.4,0.033,0.15,160,1.92,0.16,ke_shs_17
oafke_0000621.0,6.5,117,162,422,1870,340,279,11.7,4.21,0.6,7.81,977,1,147,15.1,0.011,0.1,63.9,2.04,0.14,ke_shs_17
oafke_0000623.0,6.37,120,61.6,342,1980,310,430,8.4,3.59,0.49,13.5,906,< 0.60,144,15.6,0.013,0.1,88.2,1.83,0.16,ke_shs_17
oafke_0000633.0,5.44,73,4.73,210,1220,224,270,7.31,7.73,0.2,4.25,1050,< 0.60,140,13.8,0.011,0.15,131,2.21,0.19,ke_shs_17
oafke_0000653.0,5.4,34,47.4,82.3,523,91.3,165,9.35,1.5,0.11,3.25,824,< 0.60,173,5.94,0.041,0.15,61.7,1.66,0.13,ke_shs_17
oafke_0000658.0,5.2,117,3.03,129,926,211,529,15.2,8.75,0.25,10.5,1090,6.09,138,12.5,0.049,0.1,171,1.79,0.19,ke_shs_17
oafke_0000668.0,5.73,61,8.1,283,1120,167,455,7.6,5.29,0.29,15.8,1070,< 0.60,155,10.9,0.033,0.05,143,2.09,0.15,ke_shs_17
oafke_0000685.0,6.17,69,35.7,434,1310,206,288,10.9,1.9,0.31,13.1,998,< 0.60,140,11.4,0.025,0.1,106,2.1,0.18,ke_shs_17
oafke_0000693.0,5.33,94,16.1,131,1190,149,391,12,6.23,0.27,17.8,1080,2.89,166,13,0.012,0.05,132,1.91,0.17,ke_shs_17
oafke_0000704.0,6.37,40,29.4,191,943,166,292,6.92,1.36,0.27,7,627,< 0.60,154,7.71,0.025,0.1,23,1.58,0.13,ke_shs_17
oafke_0000723.0,6.96,144,81.6,293,1390,182,141,8.64,1.4,0.5,7.36,475,< 0.60,127,9.71,0.014,0.05,16.2,1.88,0.13,ke_shs_17
oafke_0000724.0,4.56,159,5.81,174,538,106,256,16.6,2.2,0.23,15.6,1330,< 0.60,111,10.6,0.99,1.45,219,2.09,0.16,ke_shs_17
oafke_0000726.0,4.48,186,7.96,176,510,101,258,19.4,2.1,0.21,11.8,1320,2.38,108,10.7,1.01,1.75,226,1.99,0.17,ke_shs_17
oafke_0000765.0,5.28,152,37.3,221,1260,187,260,11.5,2.07,0.36,13.9,1180,1.03,163,14.9,0.04,0.15,138,2.34,0.18,ke_shs_17
oafke_0000785.0,5.41,79,9.69,255,3630,714,103,10.7,1.81,0.25,2.87,1260,17.9,231,40.9,0.14,0.35,213,3.06,0.21,ke_shs_17
oafke_0000798.0,5.9,61,7.32,282,1250,203,110,7.64,2.53,0.46,3.88,995,4.89,131,11.4,0.02,0.05,77,2.27,0.16,ke_shs_17
oafke_0000820.0,5.72,25,15.3,251,702,149,266,12.3,1.3,0.23,2.29,785,1.66,168,7.65,0.04,0.05,58.2,1.27,0.11,ke_shs_17
oafke_0000843.0,4.78,76,11.8,49,557,74.9,206,12.1,3.71,0.13,3.93,1150,7.49,193,8.34,0.46,0.95,124,1.47,0.089,ke_shs_17
oafke_0000851.0,5.11,85,10.9,144,1070,143,184,9.88,1.93,0.65,2.81,1210,< 0.60,121,13.5,0.11,0.25,154,2.27,0.18,ke_shs_17
oafke_0000859.0,5.41,101,11.7,119,1990,567,109,12.1,3.82,0.22,2.27,912,21,209,24.8,0.028,0.15,85.1,1.37,0.13,ke_shs_17
oafke_0000866.0,5.77,56,7.08,124,1150,222,343,10.3,4.29,0.26,5.16,825,1.23,171,11,0.027,0.05,86.3,1.31,0.15,ke_shs_17
oafke_0000873.0,4.97,101,10.9,124,946,158,255,16.4,2.33,0.19,5.15,1390,< 0.60,136,13.6,0.33,0.45,189,1.73,0.15,ke_shs_17
oafke_0000886.0,5.42,67,8.6,272,537,149,361,11.9,1.38,0.18,6.52,1060,< 0.60,162,7.58,0.048,0.05,97.4,1.81,0.14,ke_shs_17
oafke_0000888.0,6.72,163,627,324,3820,447,198,11.7,4.1,0.83,12.5,759,5.27,264,26,0.013,0.1,42.1,2.54,0.2,ke_shs_17
oafke_0000963.0,4.78,68,12,94.3,546,131,386,16.8,4.57,0.21,5.13,1500,2.3,130,9.53,0.85,0.95,275,2.42,0.21,ke_shs_17
oafke_0000976.0,3.91,199,7.72,64.8,157,35.3,78.9,33.2,2.53,0.12,2.86,1670,< 0.60,179,5.09,2.67,3.15,270,2.28,0.16,ke_shs_17
oafke_0000984.0,6.75,61,105,265,2910,468,195,8.45,6.64,0.99,6.79,782,4.01,178,20.9,0.022,0.05,71,1.99,0.17,ke_shs_17
oafke_0001016.0,4.7,41,4.89,38.4,172,33,13.6,15.6,1.47,0.097,1.8,1450,5.01,149,3.06,1.09,1.25,184,1.7,0.13,ke_shs_17
oafke_0001040.0,5.51,49,5.84,97.4,1020,220,325,11.2,6.3,0.18,5.16,878,8.66,205,11.3,0.016,0.05,88.6,1.37,0.12,ke_shs_17
oafke_0001042.0,5.42,84,4.19,175,1940,247,279,10.5,6.86,0.42,7.25,1180,4.14,155,20,0.016,0.1,156,1.99,0.15,ke_shs_17
oafke_0001059.0,4.86,81,6.93,80.9,1450,319,166,12.1,1.59,0.059,4.27,1050,6.67,317,22.8,0.77,0.9,116,1.4,0.13,ke_shs_17
oafke_0001075.0,5.5,129,13.7,139,1020,231,322,14.9,5.76,0.27,6.54,877,< 0.60,144,11.6,< 0.01,0.05,93.3,1.56,0.13,ke_shs_17
oafke_0001092.0,5.7,93,11.7,411,1320,252,367,15.4,3.11,0.28,7.01,1240,17.7,150,14,0.015,0.1,140,1.71,0.18,ke_shs_17
oafke_0001094.0,5.27,49,4.61,135,910,168,384,9.62,3.24,0.17,11,1370,3.85,148,11.2,0.19,0.35,201,2.1,0.19,ke_shs_17
oafke_0001098.0,5.14,42,13.1,63.6,295,42.9,180,10.3,0.54,0.041,2.02,694,5.19,246,3.88,0.1,0.15,48.1,0.83,0.067,ke_shs_17
oafke_0001109.0,4.52,61,2.19,52.9,127,34.1,233,16.9,2.78,0.098,2.12,1330,24.5,113,3.14,1.38,1.65,196,1.86,0.15,ke_shs_17
oafke_0001138.0,5.83,83,42.1,273,827,147,171,10.2,1.31,0.3,3.62,949,27.6,129,8.33,0.045,0.05,61.8,1.37,0.081,ke_shs_17
oafke_0001153.0,5.49,45,20.6,238,2040,290,414,7.51,5.64,0.4,16.1,851,25.2,164,21.1,0.033,0.05,87.3,2.7,0.19,ke_shs_17
oafke_0001172.0,5.97,53,4.78,52,736,79.3,312,6.58,4.47,0.21,10,1070,30.6,126,5.86,0.066,0.15,106,1.85,0.14,ke_shs_17
oafke_0001179.0,5.5,72,7.16,347,1110,209,172,8.2,1.98,0.55,5.63,1150,28.1,130,13.1,0.086,0.2,151,2.37,0.17,ke_shs_17
oafke_0001186.0,5.47,63,3.71,125,1150,254,280,5.35,5.16,0.31,3.98,1130,22.8,132,13.2,0.043,0.2,136,1.71,0.17,ke_shs_17
oafke_0001203.0,6,45,63.9,88.3,1260,251,294,6.63,3.66,0.23,10.2,809,25,207,11,0.042,0.05,57.3,1.35,0.11,ke_shs_17
oafke_0001206.0,5.71,67,18.4,178,1180,293,283,8.97,2.74,0.27,5.33,906,23.6,145,12.7,0.013,0.1,86.3,1.66,0.13,ke_shs_17
oafke_0001211.0,5.09,59,5.94,50.9,551,78.8,383,7.82,6.22,0.14,5.51,995,24.8,133,7.23,0.25,0.3,120,1.81,0.12,ke_shs_17
oafke_0001218.0,6.62,74,44.5,229,1060,150,146,6.8,1.54,0.41,12.3,460,33.9,115,8.14,0.014,0.1,12.5,1.4,0.11,ke_shs_17
oafke_0001230.0,4.99,24,15.9,56.7,357,66.9,229,18.3,2.15,0.11,4.25,1160,22.1,170,5.45,0.39,0.45,121,1.54,0.11,ke_shs_17
oafke_0001237.0,5.52,27,5.73,50.7,677,100,352,12.5,5.44,0.22,6.78,1040,27.7,129,6.96,0.1,0.15,104,1.52,0.12,ke_shs_17
oafke_0001241.0,5.06,57,13.8,57.3,427,56.8,207,8.24,2.27,0.099,12.7,858,27.8,138,5.81,0.2,0.25,73.3,1.13,0.067,ke_shs_17
oafke_0001243.0,5.62,230,7.75,763,1410,396,408,21.3,6.5,0.58,12,1110,36.7,125,18.5,0.012,0.05,193,2.43,0.21,ke_shs_17
oafke_0001249.0,5.59,100,4.28,118,1270,283,332,9.8,7.68,0.43,4.81,1230,56,66.1,13.9,0.036,0.15,203,2.39,0.22,ke_shs_17
oafke_0001263.0,5.37,51,18.5,155,576,128,96.5,9.27,1.89,0.28,3.77,1170,23.2,112,7.48,0.14,0.25,101,2.12,0.15,ke_shs_17
oafke_0001314.0,5.39,36,15.2,127,772,109,182,7.21,1.79,0.21,4.62,1020,21.2,184,8.63,0.066,0.15,88.2,1.31,0.12,ke_shs_17
oafke_0001350.0,5.3,73,14,243,1240,184,195,8.1,3.52,0.31,4.03,1230,25.5,162,14.8,0.14,0.2,120,2.06,0.15,ke_shs_17
oafke_0001355.0,4.73,74,18.8,91.2,400,69.7,69.6,12.2,1.13,0.08,3.79,864,28.7,185,7.06,0.41,0.45,65.6,1.54,0.092,ke_shs_17
oafke_0001356.0,4.78,67,6.9,144,509,97.4,358,11.2,1.62,0.25,7.02,1240,22.8,154,8.95,0.63,0.75,173,1.95,0.16,ke_shs_17
oafke_0001357.0,5.39,51,14.2,220,651,123,316,9.52,3.43,0.35,5.94,1190,23.4,94.7,8.23,0.12,0.15,123,2.27,0.16,ke_shs_17
oafke_0001360.0,5.41,35,25.6,103,467,90.5,27.8,8.06,1.16,0.077,2.54,529,28.7,163,5.73,0.036,0.15,31.4,1.31,0.092,ke_shs_17
oafke_0001362.0,4.93,51,16.4,48.7,309,46.1,243,10.6,3.62,0.049,5.06,1080,21.2,170,4.66,0.45,0.65,103,1.74,0.12,ke_shs_17
oafke_0001368.0,5.46,72,5.12,92.2,1440,214,331,9.58,7,0.26,12.1,1180,33,181,15,0.037,0.1,146,2.27,0.16,ke_shs_17
oafke_0001373.0,5.65,136,8.47,158,1510,319,428,9.19,7.05,0.35,11.3,1100,26.2,148,15.7,0.012,0.05,159,1.93,0.17,ke_shs_17
oafke_0001382.0,4.61,97,5.01,79.7,288,67.7,281,20.4,4.62,0.095,2.44,1330,27.8,125,5.97,1.24,1.6,198,2.15,0.15,ke_shs_17
oafke_0001411.0,5.36,81,6.07,70.9,1430,229,69.9,7.51,3.47,0.25,3.34,1040,24.5,250,15.8,0.042,0.15,92.5,1.88,0.11,ke_shs_17
oafke_0001412.0,4.98,63,3.94,95.4,591,98.6,25.3,10.6,1.83,0.15,1.74,1160,25,120,8.76,0.42,0.45,123,1.46,0.11,ke_shs_17
oafke_0001415.0,5.99,84,10.5,194,915,147,104,8.96,1.93,0.34,7.29,998,23.9,118,8.07,< 0.01,0.05,63.8,1.68,0.11,ke_shs_17
oafke_0001424.0,6.62,57,21.7,97.2,1180,94.2,132,2.87,1.79,0.25,3.04,452,16.4,128,7.83,0.089,0.1,25.4,0.8,0.079,ke_shs_17
oafke_0001429.0,5.8,91,9.17,183,1050,117,199,11.2,3.02,0.29,4.85,989,37.8,121,9.37,0.031,0.1,85,1.66,0.11,ke_shs_17
oafke_0001442.0,5.27,58,3.88,70.2,660,132,555,11.1,6.64,0.13,10.7,1070,29.4,152,8.37,0.11,0.35,135,1.76,0.14,ke_shs_17
oafke_0001463.0,6.29,41,6.83,162,1310,144,37.2,6.96,1.34,0.3,2.59,614,26.7,236,9.83,0.018,0.05,44.8,1.27,0.086,ke_shs_17
oafke_0001469.0,6.93,123,22,180,1890,154,252,5.12,1.57,0.33,4.6,926,26.1,112,12,0.023,0.05,85.1,1.47,0.12,ke_shs_17
oafke_0001533.0,4.88,46,43.6,80.1,463,72.9,53.8,9.36,1.67,0.13,3.44,1040,20.5,169,7.16,0.13,0.5,85.8,1.69,0.13,ke_shs_17
oafke_0001544.0,5.09,79,9.74,75.5,713,201,427,13.6,2.49,0.16,4.21,1530,74.8,70.2,11.4,0.64,0.8,244,2.62,0.2,ke_shs_17
oafke_0001574.0,5.39,47,9.32,90.8,624,63.7,64.6,7.74,1.71,0.09,3.81,826,38.6,163,6.74,0.035,0.1,61,1.37,0.081,ke_shs_17
oafke_0001582.0,5.33,63,19.2,150,485,67.8,262,8.76,0.79,0.11,3.61,896,19.8,162,5.95,0.063,0.1,74.1,1.46,0.1,ke_shs_17
oafke_0001642.0,5.15,87,1.03,51.7,853,196,338,21.2,4.4,0.25,2.99,1170,23.4,111,11.7,0.17,0.35,188,1.77,0.15,ke_shs_17
oafke_0001651.0,5.71,42,12.9,107,672,120,98.7,6.26,1.28,0.14,5.07,844,23,133,6.73,0.033,0.05,56.3,1.12,0.097,ke_shs_17
oafke_0001655.0,5.76,109,16.8,223,1420,259,404,17.1,6.17,0.34,7.72,1060,32.4,151,13.9,0.086,0.1,124,2.6,0.17,ke_shs_17
oafke_0001676.0,5.4,63,9.37,85.6,612,96,347,7.96,2.67,0.11,7.81,925,21.7,171,6.91,0.012,0.1,83.2,1.6,0.11,ke_shs_17
oafke_0001687.0,5.87,77,1.89,151,1530,252,568,6.42,13,0.29,19.4,993,29.8,129,13.6,0.03,0.05,135,2.32,0.17,ke_shs_17
oafke_0001690.0,5.45,145,3.58,138,1230,217,346,10.5,12.7,0.36,4.59,1180,25.1,84.7,13.6,0.025,0.05,172,2.33,0.2,ke_shs_17
oafke_0001718.0,5.1,28,24.6,66,318,53.3,201,12.7,1.63,0.039,3.64,1150,17.4,121,4.49,0.56,0.65,141,1.46,0.094,ke_shs_17
oafke_0001741.0,6.19,146,10.4,281,1400,269,45.3,12.3,1.59,0.22,2.06,378,52.8,180,12.3,0.033,0.15,28.5,1.42,0.13,ke_shs_17
oafke_0001743.0,6.8,137,11.4,394,3140,315,287,2.24,9.52,0.78,6.34,902,21.2,92.9,21,0.042,0.05,133,1.93,0.19,ke_shs_17
oafke_0001759.0,6.2,145,6.24,207,2240,310,338,7.62,3.86,0.48,11.2,1050,27.1,103,17.4,0.013,0.15,146,2.51,0.2,ke_shs_17
oafke_0001763.0,5.33,76,10.3,120,928,105,111,8.66,2.42,0.23,3.24,1080,21.9,162,10.2,0.085,0.1,104,1.81,0.13,ke_shs_17
oafke_0001767.0,5.21,50,9.39,56.5,596,89.4,190,9.48,3.4,0.1,4.08,1020,24.2,167,7.32,0.099,0.2,108,1.85,0.12,ke_shs_17
oafke_0001773.0,7.95,184,683,1530,4980,790,291,10.8,5.9,2.22,16.9,838,32.9,109,36.8,< 0.01,0.05,72.1,2.72,0.22,ke_shs_17
oafke_0001777.0,6.01,70,51.8,304,1500,330,351,12.2,8.14,0.29,5.04,1300,21.9,116,13.9,0.01,0.15,180,2.39,0.2,ke_shs_17
oafke_0001781.0,5.11,101,10.2,159,915,142,179,7.1,5.2,0.11,4.33,1250,20.7,188,12.2,0.22,0.25,161,2.29,0.16,ke_shs_17
oafke_0001804.0,5.27,59,11.9,176,549,121,248,7.98,1.53,0.11,3.66,1090,15.8,135,7.6,0.16,0.4,110,1.4,0.11,ke_shs_17
oafke_0001830.0,5.81,150,36.1,157,1140,156,387,11.2,4.89,0.26,11.5,761,25.2,181,10.2,0.029,0.05,59.2,1.63,0.13,ke_shs_17
oafke_0001849.0,5.12,87,23.9,167,520,87.8,76.4,12.1,1.75,0.17,3.58,1130,22.8,130,7.5,0.2,0.3,99.1,1.48,0.099,ke_shs_17
oafke_0001859.0,5.19,71,14.7,72.8,581,96.7,188,12.1,1.95,0.11,3.68,1160,39.6,131,7.58,0.16,0.25,109,1.56,0.1,ke_shs_17
oafke_0001871.0,4.65,110,9.43,89.7,202,49.2,146,15.5,2.66,0.036,3.73,770,21.3,128,4.37,0.48,1.15,77.9,1.47,0.11,ke_shs_17
oafke_0001916.0,5.08,80,2.88,87.6,807,144,515,11.4,3.06,0.18,6.37,1350,28.8,91.1,11.1,0.38,0.45,217,2.1,0.2,ke_shs_17
oafke_0001917.0,5.3,162,10.9,352,571,159,317,19.2,3.12,0.23,4.84,1070,28.4,125,9.1,0.15,0.2,132,2.07,0.14,ke_shs_17
oafke_0001922.0,4.54,87,18.2,65.4,410,61.2,50.6,12.5,2.89,0.026,5.97,1170,31,311,7.64,1.41,1.5,139,2.08,0.12,ke_shs_17
oafke_0001935.0,4.9,65,19.1,56.3,755,154,85,8.39,1.48,0.024,6.91,1140,23.8,384,11.7,0.49,0.55,130,1.91,0.11,ke_shs_17
oafke_0001939.0,5.78,97,30.1,166,881,148,169,9.69,2.18,0.19,18.1,926,24.4,180,8.5,0.039,0.05,57.7,1.62,0.098,ke_shs_17
oafke_0001950.0,5.1,73,2.42,156,770,168,324,13,3.23,0.15,4.86,1120,21.8,127,11.3,0.14,0.25,183,1.46,0.16,ke_shs_17
oafke_0001951.0,5.46,79,2.27,143,693,133,394,9.84,5.93,0.21,8.03,1050,28.5,141,8.13,0.039,0.05,137,1.59,0.13,ke_shs_17
oafke_0001959.0,5.79,61,76,113,464,63.2,65.7,12.3,2.1,0.057,4.12,745,23.8,125,4.45,0.022,0.15,39.2,1.26,0.11,ke_shs_17
oafke_0001981.0,4.92,114,27.1,128,577,101,122,20.3,2.08,0.14,3.04,1130,29.5,142,9.13,0.23,0.35,108,1.39,0.11,ke_shs_17
oafke_0001982.0,5.21,129,9.33,62.5,877,98,330,17.4,5.86,0.16,5.28,928,28,205,10.1,0.015,0.1,104,1.72,0.12,ke_shs_17
oafke_0001984.0,5.84,64,38.7,130,806,116,93.2,7.99,1.13,0.16,5.07,926,20.6,172,7.28,< 0.01,0.1,42.4,1.84,0.11,ke_shs_17
oafke_0001994.0,5.58,65,10.9,87.8,1170,73.5,65.3,10.8,0.75,0.19,4,1110,23.6,135,10.3,0.031,0.05,75.2,2.08,0.14,ke_shs_17
oafke_0002013.0,4.86,59,7.32,70.2,377,53.6,54.5,16.2,1.25,0.13,3.46,1400,26.9,143,5.9,0.61,0.75,160,1.83,0.13,ke_shs_17
oafke_0002035.0,5.68,93,43.1,137,1590,167,146,8.32,4.6,0.29,5.48,1220,18.9,164,14.1,0.052,0.15,113,2.05,0.16,ke_shs_17
oafke_0002036.0,5.41,71,18.9,70.8,411,73.9,301,9.56,2.01,0.086,4.54,840,20.2,166,4.84,0.057,0.15,65.9,1.09,0.061,ke_shs_17
oafke_0002041.0,4.79,150,8.01,198,243,76,68.7,17.1,1.06,0.075,3.92,1180,18.2,141,5.67,0.5,0.55,122,1.62,0.12,ke_shs_17
oafke_0002084.0,4.99,73,5.65,74.1,610,86.1,175,12.3,2.28,0.1,2.63,1340,22.1,124,8.56,0.42,0.6,173,2.44,0.16,ke_shs_17
oafke_0002099.0,5.19,43,19.7,46.9,326,52.2,112,10.7,1.36,0.038,2.79,895,21.6,130,4.25,0.14,0.2,66.4,1.36,0.081,ke_shs_17
oafke_0002105.0,5.33,25,3.53,53.7,348,60.1,104,6.61,2.72,0.056,6.07,783,36.2,108,4.36,0.11,0.25,64.1,1.37,0.11,ke_shs_17
oafke_0002109.0,5.05,95,3.06,78.9,1230,225,250,9.91,6.17,0.14,7.4,1380,32.7,183,17,0.38,0.45,196,2.11,0.17,ke_shs_17
oafke_0002112.0,5.28,104,5.45,61.8,1150,109,361,9.5,4.9,0.21,10.8,1260,26.4,130,12.3,0.045,0.15,199,2.12,0.17,ke_shs_17
oafke_0002120.0,5.67,34,6.27,97.8,1330,179,360,8.91,6.47,0.24,13,1140,16.3,209,12.3,< 0.01,0.05,142,2.08,0.15,ke_shs_17
oafke_0002122.0,5.73,62,16.9,138,1370,178,470,13,7.04,0.39,9.45,1180,17,138,12.3,< 0.01,0.1,144,2.42,0.17,ke_shs_17
oafke_0002131.0,5.64,109,4.49,182,1330,198,509,7.45,6.19,0.33,7.76,1170,19.1,131,13,< 0.01,0.1,154,2.3,0.17,ke_shs_17
oafke_0002149.0,5.7,110,3.24,251,1120,252,574,10.4,6.25,0.32,15.8,1130,23,144,12.1,0.063,0.1,125,2.19,0.15,ke_shs_17
oafke_0002160.0,5.64,65,6.85,135,1460,172,407,6.17,6.61,0.43,9.21,1130,30.9,152,13.5,< 0.01,0.05,156,1.85,0.16,ke_shs_17
oafke_0002173.0,6.91,148,34.8,150,1560,110,91.3,12.1,1.66,0.61,4.48,563,20.6,113,9.76,< 0.01,0.05,26.5,1.44,0.11,ke_shs_17
oafke_0002176.0,5.34,88,4.04,137,1200,144,378,7.25,5.48,0.25,8.63,1230,22.2,141,13.1,< 0.01,0.15,183,2.16,0.16,ke_shs_17
oafke_0002224.0,5.07,60,20,85.3,285,44.6,214,11.1,1.14,0.061,4.47,747,18.9,156,4.21,0.12,0.2,49.9,1.1,0.067,ke_shs_17
oafke_0002227.0,5.55,49,5.31,105,1350,136,380,5.87,5.72,0.16,11.2,1150,15,203,12.6,0.075,0.1,136,2.17,0.15,ke_shs_17
oafke_0002228.0,5.11,48,6.93,158,516,104,345,12.8,2.92,0.14,4.41,1250,22.7,137,7.73,0.28,0.3,157,1.77,0.14,ke_shs_17
oafke_0002237.0,5.63,95,9.33,108,1270,206,367,10.4,6.92,0.29,14.9,1050,37.5,148,12.6,0.028,0.1,122,2.09,0.14,ke_shs_17
oafke_0002268.0,4.9,63,15.8,95.7,372,77.1,197,14.6,3.25,0.14,2.54,1220,20,168,6.24,0.47,0.55,129,2.12,0.14,ke_shs_17
oafke_0002318.0,5.13,96,5.36,59.3,643,106,410,12.7,5.06,0.11,4.89,1120,26.5,160,8.43,0.12,0.25,127,1.95,0.15,ke_shs_17
oafke_0002397.0,5.3,123,8.89,173,971,136,196,12.4,4.34,0.27,18.2,1100,25.4,189,11.4,0.038,0.2,120,1.9,0.16,ke_shs_17
oafke_0002400.0,4.65,78,22.7,56.7,372,97.4,13.4,13.6,0.9,0.084,3.88,751,22.2,346,7.3,0.82,1.05,71.2,1.51,0.12,ke_shs_17
oafke_0002437.0,4.84,58,86.8,107,384,56.7,48.1,16.4,0.62,0.12,3.06,1270,21.1,174,6.26,0.72,0.85,110,1.46,0.082,ke_shs_17
oafke_0002442.0,6.04,70,7.87,148,2020,243,112,6.25,5.49,0.41,4.58,865,23.5,153,15.7,0.029,0.15,92,1.31,0.14,ke_shs_17
oafke_0002447.0,5.28,77,12.7,145,706,113,93.5,12,2.22,0.14,4.7,915,21.6,164,8.73,0.049,0.05,72.4,1.39,0.12,ke_shs_17
oafke_0002449.0,5.14,75,17,159,698,108,125,14.5,2.85,0.26,3.21,1250,24.2,118,9.41,0.22,0.35,135,1.9,0.16,ke_shs_17
oafke_0002452.0,5.44,47,16.7,251,753,119,93.3,9.4,2.78,0.33,6.54,1180,18.3,150,8.88,0.09,0.15,120,1.96,0.16,ke_shs_17
oafke_0002472.0,5.67,65,1.67,175,1330,193,544,5.93,6.79,0.4,10.3,989,23.9,144,12.8,< 0.01,0.15,157,1.97,0.17,ke_shs_17
oafke_0002514.0,5.72,81,1.5,410,1040,220,227,8.1,2.66,0.27,4.59,1140,24.5,123,11.6,0.015,0.05,171,1.95,0.17,ke_shs_17
OafKe_0000004,4.42,38,1.1,73.5,890,173,451,10.1,6.86,0.17,3.71,912,25.2,156,17.8,0.09,0.44,155,2.4,0.12,ke_shs_maize_paired
OafKe_0000079,6.32,247,47.7,161,1550,175,323,8.63,6.47,0.37,5.32,755,16.9,181,11.4,0.043,0.097,70.9,2.95,0.14,ke_shs_maize_paired
OafKe_0000151,5.55,63,2.2,107,1420,186,324,9.19,5.48,0.24,20.3,1120,20.4,118,13.8,0.21,0.15,188,4.31,0.21,ke_shs_maize_paired
OafKe_0000170,6.16,156,9.71,1060,3420,707,207,7.67,20.9,0.53,12,871,47.5,161,31.5,0.015,0.097,230,5.53,0.23,ke_shs_maize_paired
OafKe_0000174,5.64,73,9.62,73.3,780,60.4,107,6.74,1.1,0.17,0.95,648,14.2,106,6.83,0.11,0.15,56.4,0.81,0.075,ke_shs_maize_paired
OafKe_0000186,5.13,108,19.8,245,786,168,173,17,5.24,0.34,15.7,1040,29.8,170,11.8,0.79,0.64,170,2.74,0.13,ke_shs_maize_paired
OafKe_0000206,4.9,106,4.34,67.9,479,99.4,193,11.9,1.54,0.13,0.98,1140,17.7,88.4,7.65,0.73,0.54,162,2.76,0.15,ke_shs_maize_paired
OafKe_0000208,4.58,203,9.25,79.3,470,120,379,20.1,6.24,0.21,2.41,1270,26.9,64.2,9.57,0.33,0.54,225,2.55,0.15,ke_shs_maize_paired
OafKe_0000213,5.24,176,3.36,204,944,244,512,15.5,12.8,0.32,6.05,1130,28.5,100,13.4,0.15,0.15,197,3.73,0.16,ke_shs_maize_paired
OafKe_0000251,5.06,156,2.69,66.2,707,144,501,13.5,4.18,0.19,2.96,1030,27.9,127,10.1,0.017,0.24,161,2.47,0.12,ke_shs_maize_paired
OafKe_0000280,4.37,2430,2.28,27.4,573,70.9,235,11.1,3.31,0.098,0.67,1230,18.8,105,10.7,0.44,0.58,171,2.68,0.12,ke_shs_maize_paired
OafKe_0000310,4.94,43,1.18,200,1310,314,349,4.31,12.9,0.31,1.85,1200,22.8,76.9,21.1,0.32,0.39,205,3.09,0.14,ke_shs_maize_paired
OafKe_0000337,5.57,118,4.92,247,1330,247,210,15.7,6.07,0.39,4.2,1110,49.1,107,14.5,< 0.01,0.15,160,3.57,0.15,ke_shs_maize_paired
OafKe_0000349,6.62,137,30.1,410,832,248,206,8.15,4.2,0.58,27.7,755,22.6,142,8.24,< 0.01,0.15,84.6,2.67,0.12,ke_shs_maize_paired
OafKe_0000363,5.4,93,6.46,103,1140,185,245,11,3.98,0.16,4.22,1120,26.8,150,12.6,0.1,0.15,146,2.86,0.12,ke_shs_maize_paired
OafKe_0000367,6.39,60,3.7,311,1510,288,272,5.5,7.82,0.54,2.91,1130,23.7,115,12.6,0.072,0.049,156,2.24,0.1,ke_shs_maize_paired
OafKe_0000381,4.84,71,41.2,102,492,68.4,34.2,15.1,0.86,0.15,2.09,1040,22.7,195,7.69,0.16,0.53,83.3,1.35,0.08,ke_shs_maize_paired
OafKe_0000401,6.23,66,1.08,106,2080,255,262,6.41,4.4,0.35,3.71,797,29.3,168,15.5,0.073,0.15,124,0.91,0.11,ke_shs_maize_paired
OafKe_0000431,5.54,67,0.54,76.5,1820,175,450,9.05,12.5,0.22,10.2,1160,35.1,119,16.8,0.06,0.097,215,1.99,0.16,ke_shs_maize_paired
OafKe_0000461,5.57,124,6.93,272,1190,247,230,7.14,4.78,0.38,2.14,1050,34.4,107,13.4,0.023,0.29,122,3.13,0.14,ke_shs_maize_paired
OafKe_0000463,4.79,158,47.4,196,576,124,97.6,19.4,2.16,0.28,1.09,1300,23.6,131,10.5,0.62,0.63,141,2.36,0.12,ke_shs_maize_paired
OafKe_0000477,4.86,1970,9.48,109,1130,152,63.8,12.5,1.17,0.25,1.39,1340,24.5,167,16.4,0.099,0.24,147,3.81,0.17,ke_shs_maize_paired
OafKe_0000482,4.63,48,11.9,73.9,781,101,182,7.35,2.86,0.14,1.81,997,18.2,144,12.7,0.022,0.15,90.3,1.64,0.083,ke_shs_maize_paired
OafKe_0000065,5.11,53,3.57,76.2,584,121,149,15.5,5.71,0.18,1.19,1430,20.9,96.1,8.24,0.42,0.68,206,2.56,0.12,ke_shs_maize_paired
OafKe_0000148,5.09,76,1.54,242,626,129,274,9.6,1.49,0.18,1.8,1280,37.3,118,9.88,0.39,0.58,231,2.03,0.12,ke_shs_maize_paired
OafKe_0000156,6.61,126,16.9,493,7330,1680,176,10.9,5.32,0.45,5.89,906,35.4,220,58.3,0.045,0.15,245,4.73,0.29,ke_shs_maize_paired
OafKe_0000157,6.42,72,9.69,584,5150,1220,155,7.74,12.3,0.18,1.34,940,24.3,264,43.5,0.014,0.24,229,1.32,0.14,ke_shs_maize_paired
OafKe_0000158,5.99,92,11,309,4520,1150,66.3,7.91,6.96,0.45,0.91,1140,25.1,173,41.7,0.2,0.24,293,4.42,0.21,ke_shs_maize_paired
OafKe_0000159,5.85,114,15.7,1080,2860,470,241,11,2.37,0.49,10.2,1060,22.5,139,28.2,0.12,0.15,248,3.48,0.24,ke_shs_maize_paired
OafKe_0000160,5.18,41,1,109,997,442,60.5,6.24,2.81,0.061,0.33,2360,33.9,90.8,17,2.64,3.64,865,3.28,0.23,ke_shs_maize_paired
OafKe_0000165,7.03,77,3.32,636,4650,696,444,2.59,16.9,0.66,3.48,877,21.9,87.3,32.2,0.075,0.15,202,2.36,0.15,ke_shs_maize_paired
OafKe_0000168,5.87,51,7.1,362,4450,793,81.1,7.69,23.4,0.32,2.86,984,39.2,340,39.7,0.023,0.049,266,2.91,0.19,ke_shs_maize_paired
OafKe_0000176,7.34,64,55.5,283,1940,196,164,5.59,3.25,0.74,33.2,664,19.6,126,12.7,0.057,0.15,50.9,1.72,0.11,ke_shs_maize_paired
OafKe_0000179,5.53,53,6.08,80.8,743,109,48.3,8.67,2.35,0.24,2.93,1320,16.7,107,7.59,0.042,0.15,170,2.23,0.11,ke_shs_maize_paired
OafKe_0000215,5.46,51,8.93,112,871,226,396,16.7,10.4,0.28,2.07,1230,17.2,78.3,10.6,0.028,0.24,203,3.35,0.18,ke_shs_maize_paired
OafKe_0000227,5.13,37,7.16,156,420,131,110,19,2.57,0.17,1.59,1140,14.2,120,7.06,0.36,0.63,175,2.6,0.12,ke_shs_maize_paired
OafKe_0000288,6.24,57,3.22,477,1110,265,237,14.7,4.25,0.35,9.83,1060,15.7,103,10.8,0.12,0.15,167,3.28,0.16,ke_shs_maize_paired
OafKe_0000321,6.61,65,424,214,3210,456,200,9.87,4.88,0.75,16.4,1090,29.5,306,23,0.017,0.097,74.3,4.5,0.2,ke_shs_maize_paired
OafKe_0000322,5.17,55,1.99,82.1,735,126,115,10.9,3.3,0.2,1.78,1230,21.9,114,9.48,0.17,0.19,192,0.51,0.059,ke_shs_maize_paired
OafKe_0000335,8.12,214,6.53,309,7480,219,184,6.8,1.88,0.24,0.98,549,28.3,54.6,41.5,0.018,0.15,78.1,0.64,0.079,ke_shs_maize_paired
OafKe_0000338,6.29,44,4.27,232,1230,222,219,11.3,5.96,0.46,4.26,1120,19.9,113,10.3,0.086,0.049,159,2,0.14,ke_shs_maize_paired
OafKe_0000355,5.75,118,7.52,278,1050,167,139,9.43,2.44,0.42,2.92,1180,20,132,10.4,0.097,0.15,140,2.14,0.15,ke_shs_maize_paired
OafKe_0000402,4.68,52,11.9,59.9,373,84.5,71.3,21.5,1.52,0.19,0.97,1270,20.1,159,6.93,1.44,1.5,172,1.69,0.089,ke_shs_maize_paired
OafKe_0000427,5.09,31,2.66,126,691,67.8,9.24,12.8,1.27,0.15,3.73,1360,28.1,104,8.85,0.75,0.83,203,1.71,0.095,ke_shs_maize_paired
OafKe_0000440,4.67,38,5.14,113,80.9,21.9,6.45,20,1.12,0.079,0.7,1290,8.95,172,2.27,0.26,1.72,197,1.08,0.096,ke_shs_maize_paired
OafKe_0000446,6.48,53,2.69,371,1730,256,476,4.61,13,0.52,6.96,847,21.9,111,13.6,0.039,0.15,205,1.64,0.14,ke_shs_maize_paired
OafKe_0000452,7.33,61,26.4,247,1930,241,127,5.77,3.08,0.54,1.52,629,21.2,131,12.9,0.028,0.049,65.1,0.98,0.098,ke_shs_maize_paired
OafKe_0000456,4.6,59,11.8,44.6,300,45.6,7.46,14.9,2.21,0.037,0.65,660,23.8,405,5.41,0.93,1.02,75,1.11,0.075,ke_shs_maize_paired
OafKe_0000488,6.21,55,27.8,134,387,69,153,7.09,1.08,0.16,2.31,375,23.5,123,3.56,0.028,0.049,23,1.53,0.086,ke_shs_maize_paired
